timestamp,aavegotchi,audius,decentraland,dodo,enjincoin,nftx,rarible,superfarm,superrare,the-sandbox,ethereum,axie-infinity,maker,1inch,sushi,aave,solana,matic-network,yield-guild-games
2021-09-02,1.8875733998149464,2.527681251615238,0.9794902354941166,2.000992046908001,2.0804732822842573,225.57967128005728,27.50449106412249,0.9331162535033845,2.119994344422224,1.0072886677826691,3790.613996221556,74.05361090797389,3694.746114134233,3.3585037783590512,13.78611833228284,411.5706932945851,110.81781609465584,1.4572158622987024,8.842822289499113
2021-09-03,1.8615279804534348,2.6395435435139323,0.9701960702113666,1.926993788983049,2.0513159861115566,216.8995534884002,25.22155368212025,0.9011135713724476,1.7998059727605151,1.000153970131392,3793.3007433464186,72.67691820805896,3559.85502102504,3.3627133946826637,13.171091100516447,400.086837000093,128.67418646306453,1.4475882509957168,8.899688639164397
2021-09-04,1.8462056482233244,2.846999960721036,0.9946588850036332,2.003941755988516,2.067128567483812,222.1189529361081,25.739269681392024,0.8961530905358706,1.5635344129032345,1.0024201493511498,3936.1633916244464,73.88367507557126,3655.141735170624,3.576772224755588,13.063217920432193,394.77371198257725,146.35759448244343,1.4525130366103165,8.539944694647453
2021-09-05,1.9025533930862748,2.7755358889885398,1.054300070107961,2.042957982917293,2.094300589353393,221.8276363845256,30.724011347942472,0.9202144510945498,1.5795030978638964,0.994610695848988,3894.937511605067,82.89639728775646,3560.4240122825204,3.699044838714503,13.148253602304052,398.5988417992149,139.59408991633026,1.7355111278216784,8.660567796635892
2021-09-06,1.847994678540048,2.862639851592532,1.074666703508107,2.1228316847924917,2.1836708158821305,208.2198532779704,29.16804586490245,0.9267159054020144,1.4440220297106925,0.9712709754619596,3950.270344526561,82.1764900313329,3713.593924748792,3.828871495872903,14.225881997837757,416.52523751768274,142.13561416692806,1.6752768906600306,8.270377504922935
2021-09-07,1.88110263652618,2.7113880327002344,1.0435786778623906,2.1034514408742515,2.1792993951964985,201.89527029718545,27.105020848954293,1.1499451877430358,1.3931484674821175,0.9557823110603932,3943.256785301908,79.22278313095607,3643.262081842262,3.721858139430886,13.674715598875087,410.43609473926114,164.56092375980077,1.6488816812007656,7.2899409023836785
2021-09-08,1.771440278665896,2.093192301436982,0.8369231345005984,1.4914514230422815,1.7584950176367202,152.89044507628338,25.1536459723372,0.8296631399781654,1.303691812225486,0.7539073771335453,3440.341756836568,64.36193164526408,3069.8068524755345,2.939270605371045,10.989715216661033,346.8548365582723,173.31109531018657,1.367559385502283,6.158596874805516
2021-09-09,1.73465814433767,2.143569076052429,0.859390821857191,1.4985957947599264,1.7396420693211734,159.97987179661337,23.532803951567907,0.7790167798401744,1.426323448577027,0.7913034784214785,3496.859022996073,68.34454049308626,3029.615139222567,2.9165650097068965,11.268564948822112,331.53424132571723,189.3444533132092,1.3365429588247957,5.921018916436559
2021-09-10,1.7477819142253852,2.4441363413168333,0.8711324921811447,1.5538415321974732,1.782723993669647,154.10419163001683,23.102720207787915,0.7790147508778752,1.1529048303249887,0.8744715687776673,3435.97993265133,69.12620160052654,2946.2895657004624,3.03315842019414,11.014048639289635,333.5703575598576,188.2759415810392,1.3654309164689715,5.503094462837574
2021-09-11,1.7188126776901709,2.2060575109267413,0.8166473033154849,1.4597394845430534,1.6453120483150967,141.0087695923322,20.91075989922541,0.7592912362204758,1.0894363998812848,0.7778308265897079,3209.915696090501,65.68563054542624,2783.0620912812105,2.875417439148849,10.096118982572449,312.05232500795046,178.31957000068277,1.300462975050535,5.215724544383445
2021-09-12,1.7147046285263754,2.2833073470421312,0.827464021030232,1.4605636483987534,1.6727800278564682,132.0276836526058,22.024917308344197,0.8043694790003589,1.3198232826098788,0.7922314952897497,3268.1041621348804,68.6903803439853,2841.241462864002,2.908114081180448,10.576047490053194,327.0405611805631,177.94240190335438,1.3107875338838886,5.765509104733848
2021-09-13,1.7454078393474874,2.3022839585865107,0.8466369529798448,1.5180565338687737,1.7150193786523098,140.76346217159164,21.928338249255187,0.8088123195086449,1.201382530063066,0.8151398378625856,3417.839366766938,70.09184404657772,2883.924473438868,2.992365887510459,11.853615064314832,334.22917613209506,174.88132072034375,1.335385550583564,6.097540603237946
2021-09-14,1.7083466905336946,2.153349556881207,0.8247510607408659,1.3946241962840846,1.629486744242501,128.04057814243754,20.22529409262727,0.7593245692866711,1.090760983829853,0.7584541562995959,3301.186776828727,65.21795489090988,2826.120262427514,2.8533169122394786,11.109437049253213,333.20504963358405,169.277346931387,1.2526087906693473,5.436573698074012
2021-09-15,1.71118490121089,2.2011617230911016,0.8462034199992666,1.4698258848009902,1.6830002682193097,133.1884043569359,20.72525125333446,0.7645510819890533,1.2808657248820785,0.7935883602973083,3425.2508733748823,66.76220654242833,2893.663582928572,3.0734538513984657,13.070414977387252,383.0647404824915,157.37799350381528,1.3185980769608905,6.113971533440605
2021-09-16,1.7350960385292296,2.257799305784552,0.8571578037098732,1.5291835854766869,1.755550606646784,217.8484736217761,21.722495308577603,0.8145061822310793,1.299666626148008,0.8079069930788707,3595.9625714292315,68.52279767301822,3059.0366463285,3.293163931221909,15.181331665231678,411.805329595945,158.59633983839294,1.4107865955341503,5.949664955267774
2021-09-17,1.74603707614748,2.9686180659265395,0.8435008655108469,1.5178681030194825,1.6850004709588768,208.9237249732657,22.965213485492416,0.7863973623465171,1.369578747949557,0.8218923511556921,3573.3075160249905,67.40544597161262,2977.184312115852,3.340201566107309,14.9348097315232,384.3517632862372,151.94834110204062,1.3849671234237813,6.841982903422423
2021-09-18,1.742376486728244,2.6823986421788377,0.8177252606629081,1.4622337741829436,1.6351915909919634,173.8594840938831,21.208059393514414,0.7444850183404074,1.1984260949325305,0.7705311097121531,3412.177182421673,65.90562195108818,2804.186249975516,3.10473696120526,12.55233938835353,355.64226441054143,147.58433443491424,1.4178139169591424,6.6869564946586
2021-09-19,1.726759892720465,2.727876945528606,0.8254920564221259,1.5008651441288123,1.6433208198942584,152.3039386225887,20.43504826584864,0.8281261949807093,1.246790466348107,0.7765948575111614,3427.58426153173,65.95878445033946,2843.1565474323147,3.1282153228244103,12.677113296338815,355.3920335593665,170.10982401213687,1.364356788546764,6.327303311276707
2021-09-20,1.687299494591337,3.100918489070077,0.8001213168248139,1.5732987303269217,1.5747952199504844,153.24146155710412,19.802884892124467,0.7969457628233991,1.1849946895804295,0.7456213206041683,3335.884886514119,63.89363326270144,2775.9294758533024,2.9708949973937244,12.02589944055141,340.6443445915248,153.326441718045,1.3172294511355915,6.169586327924481
2021-09-21,1.6297864259775776,2.308982636094559,0.6785738507221728,1.271121159528786,1.3446876346633714,124.41934936437832,15.59297538499848,0.6353920560837263,1.0314136713192914,0.636824700246555,2977.3226793404747,55.04665755329792,2438.133226942024,2.570742099111357,10.30738256976144,291.2945870919716,133.36872474347524,1.1346534705519722,5.002305150995501
2021-09-22,1.629632123730157,1.9794006739744607,0.6116390531684204,1.1245977174457118,1.2114425741136656,116.45026471893875,14.26047161989913,0.5644692607281355,0.9960804425907562,0.5951478304728923,2744.1109995297,50.242469939621,2269.8689763962866,2.303854158912545,9.131208686001289,267.85508856017213,122.69238861731206,1.0414912651512036,4.792284485283212
2021-09-23,1.6570437433167513,2.295734159790982,0.7357237944636982,1.2588720824793185,1.411874735787034,128.9337556288227,16.11017426126756,0.6727531622663862,1.1183133635240643,0.6949401996739883,3074.119761245824,61.57150261720915,2519.894255764151,2.6176290145255936,10.52183694574612,301.0765458067827,148.3293541912427,1.2202810007915643,5.71583048924567
2021-09-24,1.653134348714462,2.2896462339686927,0.7649226338767917,1.237291047734266,1.479827231744813,139.0660748882617,15.5115777504973,0.6634478018254267,1.123338474069466,0.7456791215342653,3159.269865581771,67.47373891837162,2494.3123341249297,2.7790803721370088,10.6417008969838,308.44604606013894,150.3896531797567,1.2251685590033712,6.114884466620772
2021-09-25,1.6022452941392522,2.124353213016024,0.700610272875533,1.3672205075926518,1.3397464462416513,127.89485442891286,14.186524475019054,0.6013671164936567,0.9807691243128888,0.6800078414423889,2930.7427060738946,68.37819842793306,2294.231553639337,2.5452278490536067,9.6706158813979,280.22330496392703,139.31414597542954,1.1272097930816043,6.955572143086565
2021-09-26,1.5824414225807009,2.092014540699842,0.6964534179956153,1.2186194746945154,1.3412292307492562,130.3222960717987,14.081559653385089,0.6044175829246454,1.1132205780528848,0.6698233045088505,2946.9708461401983,65.7480734159226,2274.267988956006,2.505318058263156,9.585051671759215,275.84028568277745,136.8354526288871,1.1265032273213418,5.77112697741325
2021-09-27,1.601572274315633,2.0659452983258126,0.7100311225456867,1.195094956694548,1.3274374756211311,133.91904015243827,13.936266749333411,0.5878700172653907,1.039276677505136,0.6571362388063133,3063.31634471348,63.767476240666525,2352.1039203632527,2.6816726125364707,11.359104087529415,292.9438812028704,135.79593311002097,1.1264729327865657,5.1519681251256655
2021-09-28,1.5672234299518948,2.0025741209869747,0.6693949286748344,1.1595627720758266,1.2653209556858045,128.65072745012836,14.60417118910239,0.5713219621748518,1.0352407411758766,0.6314980654326035,2939.742282853775,63.64221136255251,2247.364855916042,2.5210220525311025,10.03552258592845,273.8478301484207,136.25952148124458,1.085085827453011,5.195952056501765
2021-09-29,1.5555237474427055,1.9116879953664865,0.6215437164474027,1.1123139064706329,1.2041508313144254,126.8039877812786,13.217198256894486,0.552652621257604,1.0035484284496847,0.599948772788875,2798.984417260104,69.21119421334903,2228.957914016012,2.375269147801371,9.671444166929396,260.51833258763224,130.60489190775277,1.0475227243397156,5.358138370927569
2021-09-30,1.5731899777307552,1.9664770088068624,0.6460456140156315,1.1425494508837968,1.2239422890553169,126.78660655841226,12.462085693093483,0.5606830628218898,1.0248067495945694,0.604566498734552,2855.611730526516,69.21663275533201,2234.04275137382,2.502943145443214,9.511598851733565,264.8705569404027,135.27916281520976,1.1007346495729329,5.562939066290839
2021-10-01,1.582309161170012,2.0951162446021305,0.689103808687465,1.182842801137676,1.3117390069359611,141.66941429474855,14.219335290094191,0.5663674959806267,1.0414519530907158,0.6667309816910545,3013.493232032077,74.594176072341,2292.867900071307,2.5521898578004345,10.148669999780273,276.1764297279024,141.1837464924982,1.1284211734577194,6.1351863183988575
2021-10-02,1.624997827387596,2.342486610557691,0.7526365975679085,1.2984120211232912,1.5184018235388368,169.01190131064607,17.278845852596326,0.6791717942635825,1.2455103474847096,0.8065238129360865,3305.107041443724,109.64625816738472,2437.0722312776484,2.919038478693901,10.816547336074551,302.07374790443856,161.3740294980268,1.2677663424872625,8.00153470724553
2021-10-03,1.6236134223565433,2.3143898311911912,0.7536432565753584,1.3727864286096607,1.5109993998490618,167.47419190466246,18.12717808128071,0.6463460242906183,1.3954951309952046,0.7868005680297778,3393.9242492696653,107.8005756723802,2486.830806989729,3.059450133862571,10.9284295271121,313.3777161548252,169.20884384676515,1.2961700736347004,7.845973509117898
2021-10-04,1.6343205876110212,2.3814176676883974,0.7662296909350762,1.3597355943236595,1.5474876261840926,171.52988256587176,18.9407600383282,0.650074989073778,1.6091166787950677,0.8809145787612368,3426.387080851377,135.96086043566947,2539.124823110723,3.0817719922661264,10.840388266814792,311.1181113988304,172.855870204067,1.3255969407964645,7.667286267114141
2021-10-05,1.681120495914824,2.2490905677173982,0.7675261803261695,1.3413806958537804,1.5746433359599816,164.44880586461076,17.561297622863176,0.6630850435545895,1.501651063188692,0.8249465875099187,3390.310407759615,134.6017437274323,2546.813625345745,3.1673228161119167,10.41552604712434,301.45180530121377,167.8779097499281,1.279508796920266,7.1395600896801845
2021-10-06,1.697706514330613,2.210753704176585,0.7847670225396957,1.4085499956565355,1.6925513724908503,169.81259918506962,17.363130371407586,0.6608138107616709,1.4345068390082305,0.8055404927817771,3520.3422566393974,129.9169841418272,2548.3230203298403,3.27550070304224,10.762727009252767,308.2725455831393,164.36927639016088,1.3143663356224329,7.7546100850015955
2021-10-07,1.654585149704313,2.154357235292175,0.7752578851994139,1.3647280053044908,1.6464721039234276,168.04652961444862,16.879605090311145,0.6341323359109247,1.5921272328745,0.815310417903818,3592.1761295000256,127.05698214305974,2495.0171573813927,3.124157123644636,10.574087399597628,312.34156331518307,154.09462360903782,1.2590833152753813,8.078081135157916
2021-10-08,1.6563801941045684,2.113511068967383,0.7700606863200915,1.4213299626978455,1.6603788274865972,174.6455079725876,16.409515244857243,0.6809626975826514,1.4910200042337078,0.8006260645329923,3594.918357967647,124.67896704565936,2500.451010557828,3.137930835416793,10.798182314888216,306.65648903098844,154.25988506624046,1.2792947883544434,7.89665267813696
2021-10-09,1.6442376711949145,2.098333890997709,0.8088722415383055,1.423854023498463,1.6931640765493392,190.00016461266597,17.233624129109174,0.6580955664015181,1.3719551025212586,0.7771585792313533,3558.549577083409,125.83387165886008,2495.68533220251,3.157617687709605,10.71589984268174,306.5313835824934,158.91461108327633,1.337207449358612,7.350010550812155
2021-10-10,1.6667611792001091,2.1166922976240743,0.8384299142787514,1.4233453659021498,1.7159811562918967,182.81777041708665,17.387761609411463,0.6785754005593082,1.3509348655528963,0.8014176965885654,3588.0809215501645,126.61213015382094,2575.3370965885097,3.1999803344518365,10.935823413728205,307.9849134894191,157.3354214402797,1.352020490537352,6.804250745158584
2021-10-11,1.6497271409482044,1.972424277643123,0.7706807721068969,1.3233086355691686,1.584099208564129,158.2826205711431,20.425773815331755,0.6572235780000517,1.3729581815641052,0.7485976229440578,3431.0193069150096,116.34809542763485,2461.6180988965484,2.9626323005816944,10.265359466095443,289.21431238199,147.69627281665322,1.247791609860409,6.528671669849653
2021-10-12,1.6466320394847496,2.0195336514691293,0.762393097697648,1.2870599889173846,1.5615965329888075,161.36723261401582,21.060156806341105,0.6978535742668082,2.5236836159375726,0.740776790891517,3537.840087124068,116.05138175599517,2447.148609849416,2.9031812462948645,10.282094690624085,290.8120316475468,144.85910794492872,1.240431103633866,6.698519917213311
2021-10-13,1.6306139267305109,1.957032658242534,0.7515084876023693,1.2892614248252166,1.5317456712080133,170.11299852529322,17.86534226362019,0.702428110484331,2.392773985936002,0.7227885767761257,3498.10529212066,122.01506403272454,2442.257366793809,2.8921169240219737,10.039997719622546,283.41027305309,152.00078829875227,1.2228157508292092,6.273687408498684
2021-10-14,1.673103349648495,2.009092257063528,0.7673635232197722,1.4040263172273906,1.5797251537670145,172.45056080685512,24.58130077403062,0.6992297811797691,2.0484858790789398,0.7448816509251823,3605.650334298176,121.90987566206502,2495.1125223066533,2.963763892764054,10.144109098273942,297.4781565839375,148.39205395880688,1.2408876001350144,6.151847704125366
2021-10-15,1.6633814872743302,2.031406996775459,0.7739498640200291,1.4536707625830958,1.6111626750247077,179.9254293240756,24.283716119001586,0.7313391309090361,2.1025523299439257,0.7777502141854239,3794.516888224821,135.20618735364974,2542.912922284841,3.3545564208326724,10.754325783752506,303.428607231082,150.09136322362892,1.265750062899244,6.855000993352395
2021-10-16,1.707714510299687,2.057261293615371,0.7626182150570888,1.7399897602576593,1.6148670763553994,177.89778161972976,24.46720516799201,0.7040371435308388,1.8881316124562413,0.7442885059711809,3885.641764529699,126.47597576556932,2568.497521218605,3.2533677501803013,11.108345369807031,302.2592980508384,162.9821748166483,1.5931286333828234,6.751411916010778
2021-10-17,1.7266053443543508,2.0456177830025286,0.8117549808740288,1.6136474376381436,1.7209735321645665,169.33468790780657,24.135805229398212,0.7557409905542652,1.9009574794042143,0.7584314705522306,3854.498461449342,125.63192509126831,2617.3919415640603,3.2233035725698813,11.429727176903423,305.83481495218376,158.27370286236626,1.510319544008385,6.638568800653472
2021-10-18,1.7353399369783309,1.971112558082286,0.7654663594793711,1.5283898129866036,1.6395575683422312,163.7492817065035,22.222290950541947,0.7348410457654675,2.051499192838774,0.7238196995867217,3854.223686940845,124.62462132891304,2556.3737383106595,3.502597423873391,11.175462079339775,305.1459069937822,159.86349202431006,1.456703592820831,6.375602379037461
2021-10-19,1.7993197249104826,1.942957831366649,0.7495865156893629,1.6149795306268575,1.6242815557745176,153.38371314081434,21.43515888448392,0.7198363001224037,2.19637393111332,0.732092452883028,3752.61872738495,122.17159446450084,2508.923971587416,3.442755764845036,10.790406396544602,294.3967111595019,157.3753248909088,1.478513009186832,6.154495028142875
2021-10-20,1.7696051447130896,1.9572142039370293,0.7742416501052373,1.5528939908299464,1.6104486837802852,158.806366025714,20.62995580632241,0.7293741298865147,2.3738985979135423,0.734679282811219,3884.5872952429017,122.4172211393308,2503.106216642376,3.741046490347756,10.76744723908458,304.16125853920926,156.39068064885493,1.4786782026695895,6.059417644845018
2021-10-21,1.797894057216669,2.034664649392072,0.8167546478765388,1.5550738571155505,1.839692769055419,165.9039655212403,21.36803388622941,0.7753041201335841,2.255259272642021,0.7801424954874908,4170.107932886265,128.0083029200504,2591.6924369331264,4.207564858456753,11.525476953273396,316.88914794667056,175.60195629220317,1.530730023476453,6.852481276245521
2021-10-22,1.784664234927216,1.9721414610742272,0.7902687555145499,1.4973889321324274,1.8016774977924936,168.3608055807849,21.159645442971502,0.8005049076490188,2.0658930247958813,0.7574553605073476,4074.860157520288,120.57390331412688,2577.018886534319,4.14192191686218,10.943321710753436,316.03037624625966,189.05931890382809,1.5093444145324528,6.646568780605029
2021-10-23,1.8149359964571816,2.058810052298726,0.7938914005451844,1.5906754942341412,1.837688415001074,164.11977293659973,20.546989683650303,0.8552462315399898,1.921074565716017,0.7657306480702347,3990.711976433473,128.81190943772052,2533.8144991197883,4.046376121326963,10.76188541696848,311.82691355209533,197.83389968834183,1.5183332851893754,6.416628689383463
2021-10-24,1.8529248510582617,2.1466847637189543,0.7945956602443851,1.593253529264195,1.8437375723707023,166.336162752683,20.24871649981346,0.8638308678875644,1.9580662193822644,0.7675309748381627,4179.44229816945,126.33856770721805,2526.9893257109397,4.012525159227844,11.045185430100275,324.9978489264025,198.3069522504728,1.646128880129589,6.394524538491111
2021-10-25,1.853835097524501,2.217194857493617,0.7787019952168867,1.5111134742331565,1.7815029013431574,162.77462470818003,20.07205702553997,0.8261734784683156,1.8966982769851477,0.79056889725184,4094.9389934187225,123.32095789562534,2450.717736866861,3.835179500731096,10.540908635262356,308.69156462356744,203.16528895289176,1.5767365703480525,6.193176896903749
2021-10-26,1.928408395722696,2.401733825408797,0.8109725291572399,1.5888762018383868,1.911343513312583,166.9271874738157,20.347528971964117,0.8392057166174152,1.952310809409272,0.8095196646499886,4230.208371594039,132.66853326541963,2484.8098976894885,4.053224341812113,10.772423950021793,312.9255847071022,211.1908015079416,1.671339354147917,6.4823222245818295
2021-10-27,1.985753103800904,2.23069230167426,0.8148253993279087,1.5868925095784483,2.028353823223523,160.01529760917262,19.944682001237904,0.8301810777614118,1.9062720568701104,0.8303566521555737,4152.570288731245,129.02103437359634,2471.3352569246067,3.94858653063701,11.385378820630782,329.16367597992263,199.75011389046043,1.7433853795367826,6.119286675134078
2021-10-28,2.1203521584343545,1.9339709714991145,0.7556140114489933,1.379138617081482,2.091996145451329,152.27708175703853,17.95629286722601,0.7651308912159395,1.6110012612128544,0.767726550989341,3944.090861781322,122.99828276766132,2242.846058608152,5.615125067266657,10.183023284322005,326.7179505844592,183.54274956995576,1.7735644500773913,5.40844341072067
2021-10-29,2.0706223105608705,1.9786244641064223,0.9293789691290932,1.4164025848268715,2.3132258941622856,153.58749573273732,18.271295204577363,0.8228871065192561,1.6791075249482106,0.9322192780876898,4288.09721878663,126.69717692147344,2385.38852541582,5.15336709126166,10.994186136993967,339.1962890855296,195.08625966302495,2.1278969736404654,5.485508724584848
2021-10-30,2.3010630223836017,2.0484359156071235,1.4026181037508294,1.524107241881883,2.428711831657394,147.25632636861852,20.455301537994732,0.8648046574410483,1.7700789164105954,1.1731916430948996,4422.940535593754,142.79775463201773,2455.7418470452376,5.042821565683332,11.471115022440896,327.27907018513,199.7845325480303,2.024912097948278,6.415036560187698
2021-10-31,2.502607519294931,2.312323889209843,3.529805153650152,1.7058772714283743,3.061356516651205,148.4266720172987,19.147816360019014,0.9738328812993108,1.808950991681072,1.7697073075437064,4324.609925711879,147.36777221430293,2379.9637347816924,4.694289961282009,10.999881689221516,317.755778731282,193.33785373845143,1.8607939879026367,7.673164891737422
2021-11-01,2.3310456577747303,2.220791963095394,2.8522993018285794,1.7303733675589528,2.571283408994286,150.77604546591564,19.52885532741458,0.9856296516646528,1.9470891489691688,1.5610421553180769,4292.04047236198,138.16499450144076,2418.993033202677,4.5884876142770255,10.850551311921402,314.3814897666322,202.3914471871585,1.934257252179863,6.8027741766407335
2021-11-02,2.299485354068008,2.308739923848386,3.0587960295888377,1.7408691214396643,2.6266290442794458,129.33109963423595,19.396888512078025,1.0975874913074442,1.8951806993054616,2.1028977834772107,4330.553151595248,137.4433001911121,2452.810710145347,4.576683443186532,12.765948123590038,323.3962051766016,203.81420779167425,1.907424785729977,6.421881147872463
2021-11-03,2.319415491341131,2.563047833180001,3.130228340202833,1.8162711824389597,3.135494979066038,134.82773168510056,20.51012036646098,1.359522151097453,1.907807029263928,3.027848796785809,4596.59309058429,140.61591204298458,2825.531717599914,4.629742186124991,12.18145979017612,324.7956434774696,220.65381148740764,1.937176558391145,7.019269497835917
2021-11-04,2.296080883243361,2.6382618882201068,2.850399933067685,1.8343495423760003,2.875948969437996,126.8067377394931,22.89665033917708,1.3744698346039252,1.9877076225462595,3.2109294838179627,4607.699273078144,141.76879646644127,3229.6862172380343,4.422394110683913,13.328936462750503,324.24080304919784,242.04614187434888,2.037005142796291,6.686377659916651
2021-11-05,2.401675508307414,2.6365705659115446,2.510907974284816,1.7316602779856332,2.980073481624229,128.59221520853683,21.486249282232496,1.4044990487967763,1.8129547462620528,2.737293599519395,4550.014435142697,147.08895077436776,2997.4432080384995,4.530948025388353,12.983049577560172,332.2918766078753,249.0628856760929,1.9253755944929327,7.265946229350023
2021-11-06,2.2719836938659737,2.594793356847424,2.615558093880612,1.6898327818129202,2.9849916141280293,127.32690651565026,21.480585368484903,1.5684663519214006,1.7641667242724468,2.567954178665996,4494.80276090967,152.19873677038444,2959.3872485852485,4.415150817230272,12.22507915404909,328.2247241512439,237.8894614333117,1.905563829396786,6.76321978634576
2021-11-07,2.2515818230766254,2.540820766691431,2.829747388249492,1.6570759536193378,3.456395506593919,129.4643425601864,21.500951471323987,1.6924438413857463,1.7201417049926668,2.711864011227166,4527.104154150622,157.80042744953715,3030.625541011098,4.426180152916149,11.825759140504882,318.7235464733872,259.23955828664066,1.888716128517164,6.780802959509389
2021-11-08,2.2241357931451478,2.5945580229172807,2.833260729536514,1.8399667900914147,3.3305730117937578,131.13810094386406,20.737998266344825,1.761185043746608,1.7721810454511828,2.677685797202203,4626.6292884486975,159.7612216423601,2973.6483364041974,4.57594201026597,12.109353263329526,320.7822135356136,250.36479323196647,1.8895086578005136,6.878357141083561
2021-11-09,2.187328733553102,2.6781773132842357,2.696742910966674,1.836671574150011,3.183398738065798,136.80360841408597,23.468478619870105,2.0109851949879927,1.6844374639150352,2.574568678146945,4815.004634322234,153.3861539157379,3296.228543449065,4.6076183406813005,12.282677104009323,332.85226135884426,248.8224986641578,1.8940668176695723,6.54160106594645
2021-11-10,2.200391420499236,2.620840526632261,2.536143536482124,1.7430006903136217,2.980811260289089,134.02156998492836,23.123486715382988,1.870819418725045,1.6819895705985448,2.3806991010834486,4742.08091060724,150.40298738787922,3138.9512950097146,4.457059482724901,12.001134522992295,337.4552473248391,239.42042668071065,1.767301959698415,6.299180789399282
2021-11-11,2.145390473433104,2.341233792337043,2.485826918883314,1.6006521355960313,2.832349399253128,121.48037506055502,21.227782321742136,1.6014690081601342,1.5126934198835338,2.2926243386105547,4641.528764849704,142.36246034755635,2959.298051590255,4.0708290344980655,11.092292100717325,312.242299101656,233.07366976619127,1.7021584575360686,5.9509202228235765
2021-11-12,2.20250724033932,2.3621223436671768,2.6935310628892792,1.7447426023356414,2.9789918142035523,122.7707669479787,21.350772395043872,1.7499139386421134,1.5813669623962827,2.438451871322376,4732.924450349356,146.99355406461254,3003.659770035622,4.301822875230168,11.202785582352016,312.63191198401944,234.8643324134869,1.7677843603717804,6.179380116770698
2021-11-13,2.144168828524254,2.2785033763214044,3.268268683871524,1.7218000299652385,3.079713965345565,122.68707064961978,20.68135600733522,1.7022594352463267,1.4911351302113904,2.640124963538119,4685.10635551733,144.01229832354636,2883.3496319768988,4.172681222875177,11.00087278335919,309.27471569568746,229.39855731141944,1.723301843064975,6.107448103363597
2021-11-14,2.2222572142150554,2.392281573121251,3.2563288114811293,1.7059749308588037,3.063193320346772,121.00821007996292,20.525204833067026,1.6439790861766252,1.553567515325977,2.821259160499266,4666.498498194288,143.5834762271133,3151.181978702456,4.282593759569688,11.212463546344663,313.78137599373184,241.33480045995515,1.7591733237852694,6.382001080707166
2021-11-15,2.227213680279762,2.5563477354657373,3.221194101435489,1.6661362757677294,3.0850324634291555,124.31938967473266,20.335276207162536,1.707373246572987,1.5120397451083714,2.8382870319586906,4652.947394238871,143.0483256775034,3042.696255529061,4.275669611422599,11.105442658379994,317.06864771781835,239.51447253719712,1.7363485589451997,6.383536424681507
2021-11-16,2.169933207664467,2.4022562026333696,3.333381007088072,1.6453503055531256,3.0436919362037558,117.12964747905492,20.526602799406657,1.6540190363592848,1.6900309234307105,2.8150396300216083,4583.211418759011,143.00998150220747,3032.063181083795,4.205708374504831,10.420725528787942,303.4462143174093,238.76462750446103,1.7004472892859646,6.757872022128911
2021-11-17,2.2107980805784324,2.1688302874465992,3.2694674804615764,1.4422206161361395,2.8682708105085246,110.25630661523496,19.13847765696415,1.457597727913804,1.5091641612051565,3.28031982338805,4243.352906802173,134.4229959128995,2819.249661789312,3.871246255715916,9.720554975234966,280.30315275688133,220.0976416332489,1.572090527240301,6.249160653044733
2021-11-18,2.282707884896728,2.2769934637484206,3.394962214998976,1.4296665662910162,3.0120345932703008,114.01364589411568,19.270620880159065,1.5032766188361917,1.575389073800565,3.754188543179992,4302.804958962834,135.6458920563201,2809.719410898821,3.934997857768276,9.732739425820304,284.6614965389817,219.1055553462433,1.6412118528946322,7.673001583503057
2021-11-19,2.313471658113129,2.1306833878099924,3.765005865880208,1.2830115114979526,2.9814173035480214,104.58390078055288,17.375042436747208,1.5758953879194562,1.676390662068855,4.392288519918809,3993.846595161859,123.55863193491558,2806.621999847423,3.548780953193249,8.769039941261951,261.8623816648822,195.0785065693146,1.4854753646247103,8.535838786974425
2021-11-20,2.4525853880775594,2.1975282216698595,4.318123016113627,1.3744661479810898,3.608663191325066,110.62747365141864,18.760741335797047,1.7389934487667784,1.9009662669291707,4.439576851490412,4317.603195646166,132.63712140756772,2970.5639216456634,3.919757838810689,9.056415260672326,280.527570637098,215.83494421153327,1.6237278947025595,7.820849946381586
2021-11-21,2.78560682672958,2.265177726092312,4.035257381181474,1.4559373783276792,3.665189225798403,114.90051020602316,19.683079395086388,1.7483838355980788,1.8947226812662723,4.245627772508037,4436.192766930451,133.09993876996646,3128.42766871953,3.9973111730485367,9.082690700069008,275.1168207042232,218.32939968667216,1.6741158015149562,9.7379898506965
2021-11-22,2.585868229264465,2.246870391348583,3.746767227703721,1.4308428145164156,3.347900811705608,111.00957081782748,19.117421565768275,1.8498837818799247,2.1281599954363166,4.080969395751266,4319.361566856902,131.9688023831534,2984.3232526722168,4.023586670810448,8.82981978097364,269.27717817587944,232.441145628444,1.6176308852554613,8.537902507841071
2021-11-23,2.559148034738627,2.0790640528831323,4.069369300199726,1.352078919234026,3.5779796304760625,110.5184994023208,18.14444613725797,1.8123725648682496,2.0446483631807304,4.940168843115303,4101.062876490145,128.14378012146216,2854.5317387874666,3.819826005112395,8.240927368520431,263.38158654293693,216.39900684614148,1.560913101799978,7.845712595447231
2021-11-24,2.631330163093046,2.7918233154926373,4.022157333346952,1.4170364140903466,3.860099316940141,113.70492758967896,19.62666204622729,1.9093150113472008,1.8358045150660205,5.361795239548908,4355.420957796475,137.31398434383078,3037.367214041027,4.04448856195824,8.397134578769492,269.752897398244,222.09815823221743,1.7568077725752074,8.715641757049259
2021-11-25,2.8377155513107777,2.5999135433899427,5.116438390985119,1.3437895670743232,4.456510002241104,111.39769988459078,19.677445768350367,1.7187163586024905,1.922234196493314,7.42698072777764,4269.437219728043,140.27594723668304,3094.5724885966547,3.9938530933633207,7.950482961762189,254.5939845343788,205.54865275061945,1.693260439994773,9.002531765962276
2021-11-26,2.896108975010001,2.437833023036824,5.19888651714381,1.3963403154801473,4.238103509513237,118.92954158203472,20.83500585793511,1.8235488056026852,1.844357611583656,7.228734967840921,4515.843300142739,138.76859293508733,3317.754106528832,4.219899550992719,8.162016392143764,262.46543405717154,209.7921519098444,1.9134262759318696,8.409705199065336
2021-11-27,2.845869781262456,2.180914442076576,4.651384725467008,1.269819373527812,3.8378230432411673,103.17426801530556,17.992092633060178,1.571298469051743,1.618740005324457,6.869264471281326,4048.312844076173,125.25370836249223,3103.4756652886203,3.668318650354334,6.995200066749995,232.2139526851857,192.14742617788187,1.638539889706418,7.232370384747933
2021-11-28,2.811505731374601,2.411792043814679,4.6681489189278045,1.3302714662517905,3.6543008278100406,104.01607346236858,18.25072889008283,1.6341267383389522,1.6146584762669804,6.496679556787371,4084.088485695956,127.1736250764453,3069.9256362573688,3.6919835687621023,7.014206000080452,231.2831782873089,192.13619982447636,1.6060191688314844,7.097707253949275
2021-11-29,2.852247260840624,2.4259138052663536,5.108968897252461,1.4033872285758544,3.812383077428023,107.77222611620914,21.93392732048197,1.7505380411971525,1.742185880662932,7.5136387440751715,4290.091862536401,132.86351351182512,3074.512313079531,3.6480648231141215,7.903443957140031,238.0602295468616,200.46141949418416,1.6495358363347243,7.787196045267141
2021-11-30,2.8742764635788114,2.4069265510953226,4.900864503350006,1.4650680463943504,3.66882565509567,110.23928764498164,23.254878571112997,1.7851152039089602,1.661984526020976,6.964094787334042,4444.528279821561,134.49271664614608,3087.308056453096,3.757474573348021,7.477976040055814,249.4319706062917,204.35042327956776,1.816854657052472,7.488692814305666
2021-12-01,2.843238556540906,2.3056911894279253,4.610627228200768,1.4485462509187998,3.4947598805046405,123.9302757119432,21.09852464139648,1.8436109048914464,1.8799019350829609,6.751564565849475,4637.121616831405,137.02249899049184,3055.884475752712,3.5468673482787936,7.933148039883416,256.9472639733981,208.705589094445,1.7885896406253898,7.447717597376503
2021-12-02,2.875155799213113,2.359353326983343,4.534594494131094,1.3871770254474214,3.533366186369419,116.79057181775268,19.72562025947793,1.8784406421534852,1.823170737063343,6.553045457687655,4589.610617539151,134.85525548636096,2972.367071316758,3.69030195580822,7.545470919549684,250.95922413420985,229.4487239706693,2.0145983029321948,8.74097626993068
2021-12-03,2.832376232653937,2.2438397135091157,4.39187711900058,1.41084720756908,3.3959218572977985,112.03131517108046,22.79743079368782,1.7272944076495889,1.6693227060059137,6.667747943573647,4519.441028028784,134.9016347343172,2963.979933451468,3.4728834370439,7.375224486996386,244.6210508699044,232.5722278396757,2.126812221996004,8.044061407267705
2021-12-04,2.728613843960068,2.1801416511890075,3.9182801451798497,1.3022701918168962,3.109500416245781,103.67753003344252,19.70209350217513,1.624970038669572,1.5483653424367898,6.03303037443515,4240.155516808957,128.44782176015676,2777.166797083999,3.144834871195151,6.901793526867894,226.170428387568,212.13388531266625,2.2851271616109363,7.491117139324111
2021-12-05,2.5813851873489124,1.8830175463440704,4.098637485506142,1.0242739010544384,3.0157727056196766,102.3216601990774,18.348784368960175,1.4142198752521802,1.320429019635367,6.018333901801142,4101.656791810778,117.78589719177384,2586.7705680692443,2.659692569751391,5.805034440973418,201.67010875812517,200.9413104492248,1.9718996406749512,6.480291874780457
2021-12-06,2.547884499824236,1.717372911218861,3.689634715938125,0.9241216286541264,2.7201481460961383,107.29739814581168,16.837757997890826,1.25456735887117,1.2133466464089555,5.418494454483476,4198.572874562462,107.18422942298382,2575.1187704778977,2.62426840514571,5.263075603027809,191.70554872723284,196.56894708665507,2.0190625740328207,6.180491410866146
2021-12-07,2.499011632758012,1.7538163085186254,3.778852812420177,0.9753804705480044,2.8971027890606647,93.22445980562884,17.373352023291133,1.6055043587216768,1.3309751618377663,5.505112739184544,4347.615630598069,106.0062655942922,2608.4090170594923,2.666336397979355,6.3429162280024896,184.99892576039213,193.89173190285277,2.271002737138065,5.976740912756022
2021-12-08,2.494526028414243,1.72926106595604,3.814102460686214,0.9601496278972124,2.8043907383745488,94.3996845405172,17.024069370908062,1.5483118122370898,1.411560659577602,5.317547418466538,4310.566646424531,105.87438072624974,2608.8080614888863,2.674313755076515,5.855305998168933,187.18431082971316,190.3725711424348,2.3711108530078064,6.044172890200856
2021-12-09,2.489257658488896,1.7609691388622295,3.756069143020304,0.9730293408537012,2.898471758763708,89.40657539219828,17.879900321713365,1.5656942148284736,1.421904576345507,5.323638581652495,4431.540647139759,112.64077328071322,2723.3450667555308,2.7246796644557154,6.592129127544206,200.8445175415287,194.30116864643185,2.420973913159484,6.133082202651769
2021-12-10,2.4148459440336665,1.6232872480560128,3.4784909586726567,0.8991722340127677,2.586083478388535,85.04752828844228,15.241670012206436,1.3157060408097652,1.2546652002903835,5.256294181875632,4153.333310724186,104.2939291120001,2529.509951127668,2.511098328774217,5.547852767322999,178.4253138751939,181.75158018469773,2.0995107066999936,5.7014825215553335
2021-12-11,2.40762614660417,1.56694845980763,3.237894137440151,0.8674519389499215,2.4424880823566864,82.23196477413704,14.559844463739976,1.217956973309047,1.155341747236539,4.851694114813059,3918.200743402953,97.59244017152496,2354.273986129512,2.48662538900733,5.110675109914457,169.0613986582262,169.46107045067666,2.090222708285588,5.390525151975753
2021-12-12,2.416775368524399,1.622406629977263,3.4727388870897644,0.8997266119047378,2.5438374761991884,83.37324023934941,14.856390082733128,1.225340612714831,1.192353817940166,5.043881421127281,4079.814930569866,102.88324216292584,2446.893698926044,2.581210525211812,5.70524876264014,180.23594680589215,171.84456471947678,2.128040081958641,5.641917739077295
2021-12-13,2.440775688174128,1.6279152543202184,3.636504439973764,0.9185830523696252,2.7008367202128523,84.2597756115353,16.00640834820982,1.2732692934700058,1.2207878714829492,5.477308435238004,4135.841510137412,104.15131193812788,2468.2218654513467,2.543549656797257,5.582911599592353,180.0306664826825,173.73511343008292,2.0848699867719205,5.65821747237433
2021-12-14,2.346527863556881,1.428767890738684,3.168975124074985,0.8107282048711831,2.3279436425016686,63.67678607164277,13.371156431840472,1.0809274106080509,1.0562824321828852,4.795265635061093,3782.895262234714,92.99372215667334,2231.924124399022,2.403932406828151,5.6088967696907766,162.11078649038004,155.08489768608015,1.8140016623467248,4.871328842993678
2021-12-15,2.359518548143777,1.4439574323138211,3.156788134002708,0.8351760022250195,2.347726083245976,69.82308784865714,14.06518385235496,1.2523003233410377,1.0911580342114429,4.765833511598921,3858.1644681806974,96.04274106803912,2302.924411308152,2.5471330360023416,5.737108282003477,169.29690954304348,161.06018556882867,1.9360364131517087,4.908165551891186
2021-12-16,2.405552484719822,1.4830134034600382,3.347136261213516,0.8449065089787,2.4864822461859126,71.83888868100347,13.895945255223182,1.3297144767996554,1.1173548241265792,5.213482259982895,4015.72254331389,101.99463119303084,2375.8041119403742,2.54744143779645,5.916368207800706,173.4472301085491,178.2619337658359,2.125052845476733,5.765984719790507
2021-12-17,2.3871678288486358,1.4528737496424078,3.15509614767604,0.8408004454223967,2.383077298335732,71.8749324024195,13.879676224357995,1.2236907307763414,1.0658595654086287,5.022680243683874,3971.5597663421136,98.08489970672824,2329.3749181831417,2.586250890133536,5.67083705379185,174.34472841824802,176.80558474391322,2.079372421202235,5.315358636052312
2021-12-18,2.395353084352551,1.391855137410512,3.086003221867905,0.8199034066122912,2.310825206077367,71.60834701113995,13.710954662017484,1.2268089926024093,1.0440691829993507,5.001543646099756,3886.7473617182886,94.91514054441416,2373.304823754037,2.4558272920868,5.537919890875812,183.3514778969804,175.79063841353098,2.132009432748049,5.183700728046997
2021-12-19,2.390783799720628,1.4163096517273546,3.447689662802464,0.8504548520624323,2.4095319832365734,91.95390901161484,13.6042490823386,1.2362675072740137,1.041997257880484,5.205662907082688,3966.425351670551,96.27654083107892,2476.5984767707287,2.4735163479864197,5.598547248944337,192.72522593930148,182.9705669569821,2.2317058838061525,5.252718925214501
2021-12-20,2.3328808838125377,1.518506314602825,3.286534456182892,0.8286210428953444,2.34844494023388,85.30512739164286,13.619274390888275,1.162322892947834,1.016502838433655,5.069775265437166,3928.8417238716206,95.3849390737074,2386.998588819333,2.436688143747799,5.334724365593168,183.85559474507835,179.93839883526266,2.230046220503741,5.057330120035285
2021-12-21,2.3709035165107992,1.479319884767372,3.214160652588346,0.8145093878475316,2.315367078369371,81.98850588799802,12.73542842354173,1.2013030570868604,0.9348854088026024,5.01385559677956,3950.482391986096,92.99509891378416,2355.9178307418792,2.4092358035539734,5.4468126753764485,180.9599346497697,174.371158716512,2.1448792312073808,5.273118127338528
2021-12-22,2.395966265899042,1.5494942273879946,3.302356930069449,0.8646183240857488,2.4405334227352924,78.54013881362023,12.970795643921257,1.2043203726815876,1.035954399102509,5.19998545882888,4036.549717813428,97.44816392145891,2433.08675430748,2.446559119852511,5.811573428369644,186.5608495836441,180.12601919521373,2.3706536976113948,5.274574202195114
2021-12-23,2.389969143412466,1.580985265332805,3.3014533515725324,0.8908522435098297,2.596222960229731,76.88787279504788,13.584801264816788,1.2047990966586042,1.030263747738153,5.160471718696519,3992.594576637316,101.84959329526323,2454.895528919873,2.482684382573156,6.38537852201422,207.2369250410337,178.57398150636655,2.509826473524964,5.293493698146423
2021-12-24,2.438503069844957,1.708668698767048,3.698074237180769,0.9563301401376556,2.9651269974033485,75.94266461299043,14.044380790602938,1.2865574068028662,1.0908769605204551,6.346539192151317,4113.529931874606,107.5452193981273,2672.0208541377665,2.7924596146321563,7.294665315429379,246.9533768181644,190.51215929842783,2.6769160967341965,5.692722286887528
2021-12-25,2.3845413960983253,1.7384409796486453,3.523907662586453,0.907647544011137,2.7997985331245583,75.66156351842592,13.910837119300409,1.2226470932542115,1.03747437805538,5.892066278674871,4055.117366931324,104.86615274656926,2569.4981301703283,2.7525148278353746,7.914186235957088,270.2152311476174,190.4403687480951,2.4634229124093454,5.586667563818938
2021-12-26,2.3971325926869307,1.7997006134992302,3.772988799640287,0.94263588566653,3.158166358572579,77.85368865827537,14.389169870493673,1.272226173807025,1.0552812463468566,6.768166994459652,4110.571870853741,109.7089492275022,2701.440143834723,2.7420241457294297,7.649620027881638,265.19542510031573,193.28925387578548,2.643760204728756,6.122113817144276
2021-12-27,2.4175746633948534,1.899988222619097,3.8824242067186656,1.0076422304767163,3.186637617352857,70.63088989517787,14.61175666053695,1.2780665602264103,1.0565986901714957,6.773278587487655,4075.03161894955,107.90372971191776,2692.117289480463,2.7631053058345656,7.939165836547874,269.0439377010869,198.19740128641655,2.8817116048125397,6.188201897730283
2021-12-28,2.3983345429401743,2.060535450562576,3.7605323255684633,1.0214372330866504,3.0839196963279303,93.49969899288568,14.931464173381675,1.3246855879121755,1.126169506597572,6.4615329792032,4045.051350119327,107.20207041651528,2680.611642101846,2.799895339712873,9.13254021198738,278.0419254448148,196.0391793952204,2.735292890982307,5.954196338661559
2021-12-29,2.3517326910134484,1.8061300358586625,3.381781434798159,0.9203694666702872,2.7834504587258992,82.90581165679393,13.574037069008682,1.187095427703257,1.018710479439984,5.94010459051335,3807.3603674992,100.16572515074338,2508.6879303647843,2.554131402303596,9.099628737717438,254.44675660063123,178.29769922040717,2.507835320865317,5.326862767038128
2021-12-30,2.3067333965694354,1.6627038944187278,3.2585024930271618,0.8612201529659919,2.6431149041017905,82.49083949919594,12.948474265311985,1.1384763067680286,0.9524958141234112,5.837777792862783,3644.405516878227,93.81979148479591,2357.043138159667,2.403654092162337,9.097428639489651,236.98990214404725,171.27231463236643,2.4774733330919645,5.151492768432346
2021-12-31,2.3396406727449213,1.6591558345720403,3.297564315644028,0.8599697671360823,2.6411969268312334,81.75519250763277,12.991326152556546,1.124549434789246,0.9531529123267892,5.927830862335233,3714.945456115339,95.16534385473015,2399.0226629452072,2.4676053419437203,10.24682422107986,264.02129333321915,172.50889438021562,2.55284888991932,5.368791859561648
2022-01-01,2.284299042231142,1.6035703498416696,3.2837753609862053,0.8471150906286837,2.586485765894796,87.08213323702536,12.504253820030844,1.1349300295571108,0.9420512512029716,5.876329588266772,3686.4025423019352,93.58439665627124,2341.3853251303854,2.3945821709812822,9.442705144974935,255.5433284361034,170.1966082645718,2.5294645647442047,5.31642527183759
2022-01-02,2.327697267175767,1.6557374055380707,3.362912168662877,0.875480024496908,2.7011592889178133,90.18904321429312,18.548040235073618,1.1737152113171587,0.993437490752039,6.013533912454016,3780.315874327848,94.4458591142338,2432.427575912272,2.5359825615334293,9.169157605334188,266.53203240623463,178.88879762342907,2.582126353212266,5.567149274670786
2022-01-03,2.3077904653701204,1.64772819379474,3.3512812933629488,0.9301474763755426,2.8702405615574618,113.9866822008072,16.90343067381881,1.166285945928495,1.0158862728751878,5.959688043233635,3835.395991493957,96.64277345113312,2473.43411136602,2.5556890910524874,8.975739917217464,266.7863631589257,176.32149989503122,2.547579080217119,5.608333196143705
2022-01-04,2.28093921778321,1.6150005799824207,3.2654965487737213,0.9040745289190372,2.798981973633407,130.34653927845548,15.268589942479492,1.1473545283987163,0.9756972746650366,5.720845080470943,3769.404940114872,94.46983625976873,2407.7947179273847,2.56429535510979,8.516903889092546,268.1023584568673,170.57083886740085,2.437713492913628,5.332141390796896
2022-01-05,2.277241336557708,1.5923273982747943,3.1944964852537963,0.8848283479349142,2.713175383965301,153.04606908925075,15.547775726802868,1.1401748333975277,1.0289142754883878,5.511953743530279,3794.908130100449,93.23206000260777,2452.71323151907,2.491738213421372,8.096657624491813,253.83477365594013,168.0394848714517,2.373652898801285,5.204516623534111
2022-01-06,2.2581806221870058,1.462542704664191,2.9390688380014987,0.8351421651512642,2.457224511491069,144.45208817908198,14.168585483462238,1.1253545150652993,0.9918931838925424,5.061029046023725,3556.9062274078738,80.89144381973549,2252.4953509003835,2.338253255591493,7.698476365144857,232.1775961996935,155.71670664692078,2.196618056481613,4.741420585759064
2022-01-07,2.2153430552324123,1.4602886624272473,3.3829650695793463,0.8244999005662594,2.563883958315253,148.05496162369295,14.254723576487825,1.112685395598492,0.953698685995434,5.268548084875839,3416.826008615913,79.10778543720836,2253.918557824908,2.3462829624579205,7.454539357229957,222.04098893730264,150.72362465772903,2.253219259099906,4.782106852958915
2022-01-08,2.119032392875585,1.3806262120941537,3.080049033207626,0.8020058218145217,2.351360004801032,127.09677286858442,12.566891398206396,1.0005769116239822,0.8783429925418362,4.887388000582922,3201.79457434796,73.68414369053185,2127.3131855511037,2.1799323898566727,7.152416433513209,211.0353859014325,136.6133086353095,2.058653014099287,4.5905807505572
2022-01-09,2.128662541075247,1.332381496789249,2.954629844358916,0.7487519320004022,2.26545028846929,114.52497937344424,13.589240530218571,1.0125345597052129,0.8197637783676259,4.661446162979816,3101.04090161414,70.53633869747883,2055.769617052526,2.126501649234473,6.5845904854998665,213.29450533198047,142.37691491093904,1.9964066276296264,4.678680962187639
2022-01-10,2.124977956470315,1.341418748589794,2.955280483500563,0.7491450206999429,2.304136529684777,127.82230884971608,13.632154936752608,1.0156388061792634,0.839355934741387,4.77206154983281,3156.967262159481,72.29851662497157,2125.545738509876,2.1557291572854016,6.937585443919244,210.185165885436,140.97069019412947,2.114208280765191,4.833664388256863
2022-01-11,2.130747682974207,1.2930163790681732,2.832719320096719,0.7036317170696585,2.17535862523409,116.68020463735074,12.985886429598354,0.9387803225118758,0.7460095790161936,4.4859689066095365,3086.7290024387257,68.54420893151062,1990.2268723282284,2.0784014982060053,6.581233088487847,200.0115889977561,135.98215275078118,2.0698081143475022,4.345486141711086
2022-01-12,2.1503662079672496,1.385624147006891,2.943249112150101,0.7479523432858541,2.3168363487782035,133.6425296824476,13.253009057178836,0.9686688785943984,0.8080155212464508,4.771366690077689,3246.413723028553,72.66969377286267,2073.5337686546827,2.14897629488446,6.969877655310527,213.70345665918137,140.2633692449685,2.3516193176803104,4.395747266985085
2022-01-13,2.168933960937388,1.4914716499387022,3.10225498674441,0.8312951306506254,2.5300960439693827,143.8718437380657,13.452564290369864,1.1635664327885973,0.8288762150248044,5.180134245585191,3378.0358951715943,78.31315132031862,2173.0868292311284,2.248295116977752,7.124489813208188,218.98901466692408,151.92225384391546,2.390803296235098,4.867815247917877
2022-01-14,2.1605668753330844,1.3962237695073894,2.904286712625543,0.7733648673171006,2.3859982471186707,141.61639551809253,12.783701340919396,1.087248822233,0.7541443110941681,4.865218671869404,3256.7588661330324,73.14768996363922,2105.74724637882,2.3464970337087165,7.068945827442394,209.41115551016347,146.8991625118502,2.2705612212522355,4.612467266893008
2022-01-15,2.1874185794278067,1.4349584211296051,2.9626491224649576,0.8019069029853133,2.4164699235978704,145.73050139449893,12.909156010386017,1.0910102285667784,0.797689698801391,4.926640981376426,3311.986061274383,73.74107725027383,2189.3797697548057,2.3650942517821987,7.016163919707072,224.6041295378138,146.31283636345285,2.338915286725745,4.514131014138723
2022-01-16,2.19865256018839,1.4404581780687036,2.9998911780482875,0.8142571492742051,2.4633385581598506,160.22658891549773,13.556645811109592,1.1231090185219663,0.7920176361401914,4.869622639062513,3331.246655159985,75.75982248653015,2220.1814279811647,2.386516565414558,7.031541494260265,239.8241589689313,147.70351003866236,2.3555691945992323,4.674064313440552
2022-01-17,2.174284705775371,1.4545046873807077,3.124674912948848,0.8073638619046415,2.511382761655552,141.86818675862034,13.075441202602684,1.0856044778904546,0.7784168304008284,4.915308131183915,3356.2954438590405,80.73353067833285,2255.371568315298,2.433042053663415,6.97066942499952,242.4647047215372,147.94236767494985,2.3285010119363494,4.605199241085341
2022-01-18,2.15897203474805,1.328414773363566,2.919809374476844,0.769090215394422,2.331961489396293,131.037903475456,12.402967840261724,1.0122430470777992,0.725373533634695,4.626364556111303,3216.592980619574,77.04951129848573,2103.581571744993,2.2465192253030826,6.450398148703203,227.39474793132385,140.0483723855377,2.2230085366430927,4.378811457411057
2022-01-19,2.1887137661105887,1.3099676651567522,2.8616232703619104,0.7407046953791614,2.277144955985282,123.8325251521638,12.735214219439705,0.9927467683888612,0.701539254932912,4.47754501512463,3166.4539115046164,73.97502961161359,2064.7922095637773,2.192094406051863,6.215482423804645,232.81225019008613,141.634144063378,2.1309111373789,4.178173892474924
2022-01-20,2.134304138074895,1.2599517422919255,2.743729245505247,0.703124689638095,2.227483544798542,122.41435753837808,12.89517615514337,0.939105320339368,0.6527986906976134,4.246973090496849,3097.02146606268,71.8813015594058,1999.0238287585832,2.094148250256353,6.032104326033173,211.10981640276236,135.5936205367398,2.0387960807597203,3.934992459405029
2022-01-21,2.1011695166819906,1.1908387962619662,2.6360883603314003,0.6811801937474469,2.1152730933349164,118.75711759902832,12.021358218134957,0.8856268442224192,0.6040233726624189,3.9538341097839194,3015.588777543836,69.33870778299004,1901.551395917264,2.04293539015826,5.802956772333436,199.150710685106,128.56948450207307,1.9578367369556835,3.665813245109101
2022-01-22,2.0784175195608645,0.9934137359317404,2.2301581473863834,0.5557953654608738,1.7313276296605344,98.2633237213144,10.13548805164934,0.7373031992369412,0.4954565441493599,3.3630963853799707,2564.3433423740635,58.16574255644027,1792.7433027362329,1.8314833542385356,4.912434219486247,170.49802389375986,111.77542786353776,1.7011860374945913,3.014307036535862
2022-01-23,2.0533463621646875,0.8844567236661373,2.0414460677600186,0.4955287251976667,1.5002341086950763,67.56812466033595,9.017651581374556,0.6298410131338565,0.4756612533893619,3.027613748135378,2407.377851608285,50.118406793076,1799.5682114713663,1.6110551633105872,4.388463756617581,146.4320187667984,94.51541078123918,1.5316010783701033,2.569817770432038
2022-01-24,2.0649726935813564,0.9370458007942304,2.1191673192784792,0.5046097458422909,1.6085515687743603,72.7497829509907,10.074951549309036,0.6602027314011347,0.4653656493364532,3.145789987914627,2537.836727861043,54.160996833291904,1837.0363021187636,1.6874058651650896,4.665020852973369,158.39154133659264,99.69162217459098,1.612003981052023,2.6559589784135427
2022-01-25,2.0224409208284726,0.8465870766056923,2.097272260649448,0.4804455980008797,1.5071579445899057,64.66393712244924,8.450638641288808,0.6665040695298615,0.4589153379153254,3.0254541230475454,2447.831512095295,51.463639594169855,1922.5503157624923,1.58658740988749,4.40735826261928,152.51074338130147,91.91541131637004,1.5083902803519575,2.514803062164626
2022-01-26,2.010235553589788,0.8681678855991717,2.1260324733787064,0.5041911747973957,1.538826312342705,79.60348417800047,8.81905646572483,0.6750046571905725,0.4508345392210613,3.063361325900201,2465.21922984942,50.872739263065135,1819.1175316653269,1.5972490591692925,4.5784548823724665,152.58535946277894,95.0928286433394,1.567990135455952,2.5304612456536413
2022-01-27,1.9963530776040703,0.8842392010531527,2.1741773039497394,0.5024538486148437,1.558735293390994,92.30480458905517,8.599820183610499,0.6684914807553803,0.4314864983580093,3.103689971786771,2470.4304120157067,49.79354731586025,1710.7162472880916,1.6227338201338095,4.266427673981364,146.88979603212863,92.24801292004712,1.592320278066891,2.7216086847064007
2022-01-28,2.005720843479419,0.8428367685201515,2.26664990562353,0.4796735956761194,1.5786941835172836,99.98136618642748,8.130759393232127,0.6493845507454608,0.443675204427982,3.41211178353812,2411.863855325421,47.48895974570843,1767.472306475403,1.5926490890528142,4.0702482994041125,144.9202309062915,89.60158614183815,1.5892774292907512,2.741470244700226
2022-01-29,1.9997339649471355,0.8856473074907932,2.294435983046395,0.492294818365983,1.6455979432601622,126.82395713688892,8.41025856731841,0.6460796795733308,0.4900098650930118,3.51490503945962,2551.111073519472,47.146042518360815,1874.5403213352336,1.6508340689087255,4.172666129511318,149.58261712071402,91.42580267920562,1.682473606010256,2.95880795963574
2022-01-30,2.0428731094269854,0.9109951185665224,2.3763648429587017,0.5074810666847643,1.7570243898774105,131.3535291140818,8.659953554267323,0.6585456488289567,0.5703003038754043,3.9119555641704298,2603.603872339056,49.83711822813108,1950.8419475856172,1.714464262755702,4.186229758207703,154.15543505653162,96.17869128153504,1.6971220324180525,3.0615061771071987
2022-01-31,2.007030223055833,0.9054589231815084,2.5302591704510458,0.4973231719623914,1.7992768892429611,125.77259102544907,8.227888264457611,0.6349758254934137,0.513537903172333,3.914066771913827,2610.1824055910874,54.0081780224033,2000.4325716669,1.6613275724150351,4.098194892869326,149.36904101580876,93.4025290287978,1.6058983769413802,2.8987251762369235
2022-02-01,2.019077357148248,0.9213728754899708,2.838711845336331,0.4936766349958896,1.892134888476109,140.35871938837644,9.22624050075978,0.6407153287463085,0.5180125039056889,4.121518704791427,2689.220867220449,52.681060001276464,2143.4241265255228,1.6878052009493405,4.229045919894366,157.87263406329885,99.88984753621436,1.6449818403911372,3.0517459363516983
2022-02-02,2.0400413688275068,0.9842150205482,2.697334799791993,0.4899525276380697,1.8471111387997352,141.05325049908166,9.05552242006807,0.7071507446821267,0.5444996956111502,4.0049768026347135,2797.434855273681,53.90204152447002,2198.616909829618,1.7087060685408948,4.350510790579976,164.46449128690364,110.12732330616494,1.6491553409514406,3.3529599779730286
2022-02-03,2.020368742651545,0.9047719490319832,2.559175162581649,0.465969451308751,1.703814008179707,114.44273246753929,8.951092253689259,0.6395258901778241,0.6321719620844021,3.700999100005411,2690.319739476765,49.57414928395639,2146.643700878682,1.6248703155062347,4.084882740983389,152.04075398340711,101.8292164519742,1.5412733728860135,3.261418297239088
2022-02-04,2.0164024400908285,0.9109199644666056,2.6601644067675365,0.5210364099063891,1.678779303078448,113.13404537326002,8.644552357581189,0.6636874021680597,0.5936321123281642,3.691009272801724,2667.256728215686,48.05756496900247,2286.5257367188383,1.652424377164725,4.0542874197532015,151.9244747092279,100.87832034717168,1.54557128384313,3.2669316455763973
2022-02-05,2.031690896131213,1.0225899842976431,2.827924994351074,0.5437472446870548,1.8298497947118053,133.61686912133302,9.495865536986535,0.794152245295883,0.6477071823163377,4.03025820581785,2993.0994395135976,51.429636624104006,2283.1199956361006,1.761711364108698,4.440684711155248,166.81844590509763,112.48079518340074,1.6853806278923724,3.699419282674413
2022-02-06,2.062500587683876,1.0246594144189314,3.047315041602274,0.5354866938351153,1.9279754620113665,138.39025664209262,9.563098660595568,0.7711501297372083,0.6339323228560091,4.3840979860376805,3018.6733981571506,57.49468596404541,2257.4477074132724,1.7919084864355197,4.701079620724332,166.8034474868764,114.33315412383556,1.7196991745844328,3.814380497842401
2022-02-07,2.086898431660164,1.1014458295662948,3.318725280995242,0.5568526892420853,2.0682814185902028,135.17954255185776,9.533569434788728,0.8261520295617294,0.643202039425204,4.675751585627429,3062.8058084507857,69.1013187334374,2247.1120590470027,1.8625384373446543,4.798662490539628,173.62610694706208,115.2834781341491,1.738431550624909,3.978866900945275
2022-02-08,2.077007288935244,1.1421149912338506,3.3015594156099715,0.5828739345502444,2.1117025993153438,146.34326676441364,10.53287566222457,0.9432870166254924,0.6636235790995508,4.700717039514542,3149.953285509783,68.97557389926112,2253.202058659681,1.9400032255197392,4.9499213066203245,181.949400966558,117.67187313780884,2.0273524127363154,3.919581396478535
2022-02-09,2.077243967505339,1.089454226381365,3.495626507486707,0.5588107620931807,2.1194893890811435,140.9057600617298,9.980114441905805,1.0757172622155964,0.6309905466169543,4.833026036713006,3127.438106740214,67.25927739292953,2214.421789929619,1.8621469952479512,4.663134615626094,184.8087850256885,113.69745549618692,1.94941932642725,3.701302463117583
2022-02-10,2.117164467681324,1.1575496050353882,3.3539721443673747,0.5916900350137493,2.1615407396544715,137.9721692532164,10.505586659481867,1.0973266906200088,0.6745678634187853,4.719626430433782,3240.9210444877285,67.76124469496197,2249.93646750881,1.929624949910252,4.761174019173595,188.49076813264725,114.34358742446604,2.0501225449827665,3.642464448256344
2022-02-11,2.073344520540087,1.191210505243084,3.154267932934502,0.5640811522137719,1.9961143742144123,122.58363935401556,9.436090040755143,1.0041635963709763,0.6045601852659048,4.426785171076426,3081.911501840844,63.73389012830708,2109.407826429804,1.8028303550441656,4.422600642675342,176.1683176576722,106.41810262178213,1.8982187340533003,3.4196628581247865
2022-02-12,2.0357468503016145,1.0819922764447267,2.934937766523291,0.5202381942275661,1.835391276876694,110.09386260293964,8.912742657238159,0.92591427728178,0.532401950886074,4.221180389258128,2930.563169206373,58.627426415906434,2021.0506105691315,1.7106963100108714,4.08949489987115,163.4881419818501,96.46324431285534,1.7154794691785338,3.2134757726924303
2022-02-13,2.040074120776085,1.0732425576328866,2.914828521931521,0.5106615299780352,1.8107231306361216,110.83063469267942,8.742041616316591,0.9375403281956218,0.5342336424149788,4.2358376221972325,2918.0853674291184,59.35344146171143,1990.9990281529365,1.6848295930835837,4.150458422042354,162.20434050122552,95.70003429059712,1.69281125460006,3.110884647528977
2022-02-14,2.023014644277964,1.040939986882235,2.8450160166572074,0.503422407613348,1.7493476694896326,113.81334240104032,8.704253366323245,0.9098873067566892,0.6842926049986644,4.10484201045722,2889.235678281073,58.67922881509608,1936.2721778811504,1.6651291469610636,4.052559489515863,158.76037451016907,93.36714504855236,1.671858841141355,3.063075381143094
2022-02-15,2.0402867406739005,0.9961113114604851,2.851976334924339,0.503065006960508,1.755928936588948,110.83645992099927,8.6324734280887,0.9345209665521128,0.6291744961507095,4.044886674640184,2935.6454998606846,57.00563391971614,1939.924285300072,1.7026976476062043,4.070751743879037,161.2882960273874,96.44224243421378,1.6595543359807072,3.0857922898527126
2022-02-16,2.072109109951612,1.0909677083169758,3.3285386704573385,0.5406553776362079,1.9654057524262876,125.5568678039958,9.339652618344164,1.1055829169004698,0.6672825183698013,4.409749530836003,3179.3002065350443,63.49415425590582,2092.718885172244,1.796169476988603,4.421552679132058,172.19691848619894,104.85069673096622,1.8610856057576808,3.611968935209963
2022-02-17,2.0431651255605345,1.1118112963061575,3.281030614668921,0.5414038343434948,1.9638614881463317,118.7630541622442,9.21512528374044,1.0450569187157417,0.6453794762236204,4.197377780711133,3128.640780542462,63.83310172554013,2132.1998524475707,1.8133537300299776,4.311127487158536,170.8510172082297,101.95613259465958,1.8406429796566008,3.489874892147573
2022-02-18,2.017412406192279,0.9759404950459564,3.092036288372708,0.4952590212688922,1.7392567640666543,109.36071172144284,8.34309942660088,0.9374694737629627,0.6102138770363237,3.75831164669024,2881.613122162859,56.48609008461637,1976.9777640242437,1.6579327578307277,3.937552361473571,152.78287838435116,93.4045235835354,1.6616427105143303,3.04608145365072
2022-02-19,2.006151476189173,0.9627736782456472,2.9895687131982625,0.4965798827579967,1.6792185542416758,103.77409343086376,8.002208589123487,0.8841335170249175,0.5659515206981572,3.632654191960849,2792.303847718624,55.9467929016867,1901.9229465199264,1.58861045079492,3.9000839683959145,146.0797078532049,90.10899056118772,1.5965460855296596,2.941511749719792
2022-02-20,2.017066687198,0.9593275907584242,2.910514160240482,0.4909148369709745,1.666440080695862,96.34048569902949,7.99247989942844,0.8491515580501263,0.6214716172975945,3.5248986170041365,2768.97165203486,55.11521773804982,1913.5337352978447,1.5882456810465233,3.868720782836004,146.47331778669786,91.60559213966148,1.6316437632887486,2.931378991036435
2022-02-21,1.996410576774273,0.8910946394669456,2.7121559002340634,0.4737704565761771,1.540421377437628,88.59589494744851,7.494039488553192,0.7851920881772488,0.5834183747801058,3.2251185493472208,2632.49139911745,52.64384601816915,1782.2903323876187,1.4945161838820264,3.638290902362424,137.76393193381875,90.80316641928688,1.516305130652796,2.644361998093816
2022-02-22,1.9817085192007444,0.8064556353972975,2.493529758005366,0.4453734386960667,1.3904988432202643,83.70975201453854,7.094023008085052,0.7152190857759329,0.5106256507997857,2.9234239634128936,2574.513383778016,47.69170759009149,1673.5846206298208,1.3658535793398947,3.2997299256574477,129.13111376777974,83.14387140523519,1.4086244164781865,2.508526692355098
2022-02-23,1.985169677256724,0.837205637794693,2.646401249777144,0.4532769628005152,1.467797248300002,91.1954040028671,6.91718552105824,0.7160070670277767,0.5158600951806542,3.1778779750664854,2644.153655546016,51.189696704302,1812.5263373685304,1.422121063540165,3.39757797723907,134.9611387525287,86.57269722666857,1.463944037056804,2.84192078793395
2022-02-24,1.9744720881511089,0.7920956652680804,2.585236181947326,0.4452279079849888,1.3937222660373978,88.65151959264864,6.7072099374313865,0.6800264100496675,0.4938999667728457,3.0177823363066327,2594.700959110155,49.092882878991006,1751.1996094974522,1.3945932609516345,3.2932568526180788,132.06287648014907,85.26903088293193,1.4481952366890618,2.6239619569019537
2022-02-25,1.9635146196735291,0.7709725744319191,2.5999641960296045,0.4220010242019055,1.3522275329417563,83.8488027147569,6.169508363792474,0.6469183963835645,0.4587757884970322,3.0408508175261897,2599.9335696870216,48.918557065298494,1890.3765394994025,1.3367781017379647,3.1374689512657983,125.34332695287054,89.05132726925892,1.4393299847539107,2.7075143325916606
2022-02-26,1.9886242117709685,0.8051971188776744,2.7507194804919237,0.4508506277047422,1.454396953928959,95.35476653923918,6.858419729956062,0.7288591108654123,0.5058871921888156,3.182798656794369,2771.890509646429,51.29043606177377,1997.4996887216855,1.4616811872550546,3.290844993049149,140.38201697317615,92.73641556746163,1.5562276966710036,3.077570954042117
2022-02-27,1.9478499553067308,0.7842944296993112,2.686743487271149,0.4367797213001568,1.4383709223144658,94.47629159554444,6.899562231487038,0.7023226745034588,0.5377097731426037,3.104788767277588,2785.3389569017427,50.40486473177859,1936.8153076445549,1.4303299055566367,3.238814737297997,136.08689962223653,90.10798522206623,1.5108902368528407,3.0617993000673422
2022-02-28,1.93597175577233,0.7367379239069636,2.5770927592102004,0.4173088524727495,1.381095592864766,88.83957633852657,6.479210583203341,0.673607673809978,0.4948826540572025,2.9294830440160946,2629.48312082149,48.3598990057824,1814.7437309587613,1.387046476799505,3.1275611881977743,131.91012626491346,85.56819666616444,1.4534853979647624,3.121156790078371
2022-03-01,1.9823324745070665,0.8201143836972504,2.850489929171568,0.4602542409786144,1.5688554486220416,103.4746877161255,7.149950304307524,0.7508580627519125,0.5440264284646372,3.210828172479068,2919.294962425658,54.48677707971647,1962.5887209098923,1.502325178438641,3.492461114414215,145.68602513179803,99.57917400308274,1.6105584827760644,3.459738661551764
2022-03-02,1.9776034756020215,0.8239476762708345,2.8446006763798737,0.4783615749461464,1.602813833506153,106.41719580204293,6.929502727671859,0.7760991796696922,0.5480778325410637,3.370663369217432,2977.276039756805,57.273184215873705,1980.437872679664,1.5185433843442286,3.4732870159375384,143.71869990402217,98.75845247572444,1.623493747403055,3.21960816519201
2022-03-03,1.9545090664005011,0.8238524439928022,2.758728169682906,0.4686031399707006,1.5473947076487513,102.8269053152123,7.360963651489333,0.7465799550411191,0.566027433979861,3.286574393017002,2953.315776286441,55.61891550478171,1991.6685780345483,1.4942286509084113,3.406565515874054,138.07457788702848,100.78986523175992,1.6359832716793414,3.1278844556236383
2022-03-04,1.9375469613653449,0.7898844742423675,2.648545470354013,0.4489400961140905,1.482356302676626,85.62848559215854,7.068642585203982,0.7183337410155786,0.5309111318187254,3.14918654659094,2836.9063366005576,53.42224409135308,2043.6226034920264,1.4393557594891164,3.307707583529047,130.0281275470637,95.55882629437178,1.5845023378954357,2.9538265225579887
2022-03-05,1.9256912512440325,0.723576192514947,2.4796679344783303,0.4137782891950445,1.360992331534627,80.94164557782894,6.690240646649044,0.6442792814725257,0.4788285836504903,2.9213651151002886,2619.356137634489,49.82262993401299,1797.1507803569086,1.344769683873672,3.035153662201655,124.13899251233944,88.2451628518882,1.4734178092787038,2.675331020231195
2022-03-06,1.935901763121071,0.7580762942850942,2.565457054966586,0.4252379166352752,1.4224118134710226,81.16259512484903,6.77612383388513,0.6637302996950396,0.4840802598061325,3.0226498704828098,2668.70597865687,52.087030540002765,1842.888584492261,1.3586655704716777,3.105241716513569,124.7312968746293,89.78895188514215,1.5103297557066,2.813843410743821
2022-03-07,1.9218522510371383,0.705657387689613,2.4296057510313527,0.3960508654234577,1.3471910531265776,78.96642120182051,7.480359688102653,0.6366961329524011,0.4498927491163531,2.863622787668,2558.359874049847,49.02481933478475,1731.2163732630916,1.3035607230096138,2.90674134057758,117.0795581563344,84.63923583859497,1.4401363552038584,2.633551151004664
2022-03-08,1.903719578888951,0.7022835483500898,2.370537137168624,0.3808060079820335,1.3135940470352792,77.06095588621274,7.195166083009425,0.5953219548375716,0.4330810321052403,2.792719189280768,2498.658864965217,46.41550786942357,1738.7495910863722,1.2744003539620103,2.886900549751011,117.3246836771386,82.06724918865827,1.417468790521662,2.5706825988581903
2022-03-09,1.914670534970781,0.7211490585003407,2.392347194336326,0.3915346360673503,1.336201663029121,81.32399505072675,7.062785125371991,0.5924313220649268,0.4453574071001422,2.823224799249603,2576.6271539947625,46.33953331905821,1755.276630967408,1.2908948162932667,2.8852535345512007,121.71939305619011,82.25360674455618,1.444158686425027,2.57744164280928
2022-03-10,1.9586108121075516,0.77955459932424,2.498322998804179,0.4084419979724499,1.394311424906303,82.48342474956992,7.370461180706724,0.6530912834740162,0.4561244454056855,2.966291663665587,2731.037685293996,48.72980931774797,1913.2370842957705,1.374243158136294,3.178354430008762,127.67149190882569,88.185052838507,1.5066673190869004,2.688312559624128
2022-03-11,1.928214967286636,0.7281022509719546,2.374169928158949,0.3854055167803503,1.3332610255434123,78.02504095071585,7.024511296426507,0.6112306534713614,0.4396884939561659,2.83560138215396,2611.4647225047097,46.9187627556801,1772.4066123990804,1.371718472089374,2.983240139613841,119.4566464041435,83.02500801904657,1.440356834159954,2.532943959415522
2022-03-12,1.9129813795329684,0.7046791336853352,2.3086725825216146,0.3882331572288227,1.309529166999208,78.84924680694749,6.8825655737346105,0.5886634420899493,0.4461966381373784,2.782685908258128,2562.832353535965,46.0298762024385,1749.936589981575,1.3216338853148946,2.8972294961535376,116.74698265960332,80.69121367419427,1.4074343579930493,2.4891527248496894
2022-03-13,1.9170946629254384,0.7057993564539462,2.317886791488006,0.3800802542537843,1.3217032193756866,78.67830468170077,6.810366585624473,0.5924930987162509,0.4338394127138459,2.78853052780289,2579.458135688364,46.826876069945484,1745.118072110679,1.33636685609253,2.9139600241734014,120.43151242186693,81.60999773356421,1.3985395123662765,2.640916458601536
2022-03-14,1.921408880022877,0.6831434275746402,2.2610334353930277,0.3645045205099803,1.3020058053143002,69.92133165110235,6.605432120528726,0.5746214413593906,0.4206665036407324,2.728323302014768,2518.492845270615,45.421246837726784,1686.6100578698229,1.311257414316734,2.794930516836805,116.02172843923132,78.99818199674436,1.3638110228180411,2.4568532838470007
2022-03-15,1.9251601478730984,0.7068594398652817,2.304596096256474,0.3671986809214904,1.328313790838185,82.06710727067413,6.641384644766236,0.5881224766421363,0.4369592854026172,2.7500241626625037,2591.5420409591425,47.671104689027,1796.9255394695815,1.3310662076351232,2.8831653246970483,118.2361522282068,81.16870194524185,1.3785633495317235,2.47146064952816
2022-03-16,1.9154767399141368,0.7094312919560958,2.273687084426144,0.3780286960759693,1.3242397932657737,82.45390699533367,6.368245495013343,0.5873648864605616,0.4429667345795319,2.737116265514149,2620.363852420936,46.93183527289855,1786.730177742292,1.3516853827530095,2.9223866410888872,121.9272709202677,82.94439063872372,1.3804929097944365,2.400122606106786
2022-03-17,1.9460178421968024,0.7408721927563454,2.4958922081839336,0.4002390308281112,1.4212070170325397,86.87501382401082,6.688280618759802,0.627575086665188,0.4635261587340217,3.2413760005906047,2771.759457292368,50.465032818138056,1926.754519086836,1.51177963605267,3.1130568155286484,141.59253618072893,87.84993508447106,1.4676828353511475,2.4876026108533185
2022-03-18,1.9413982784416777,0.7319653117063974,2.4460615321306904,0.3897598064291859,1.4061510366141423,88.1048155895371,6.821557443258003,0.6073626840890333,0.4631997148375638,3.224115257217082,2817.401074966818,50.43238910861462,2061.6524235264696,1.4814453700083152,3.167137268240003,156.11198477495506,87.96768776096062,1.449989585383939,2.553003680688284
2022-03-19,1.947775663767762,0.7640017217365656,2.4522143212991696,0.4038627680918143,1.4490192609728132,92.39263828626736,6.719961442288774,0.6766797558074285,0.4637083576756352,3.212858172070572,2945.7459101862714,50.588399183141625,2042.435061684135,1.5903307558007156,3.3091899453807545,160.7267072026178,89.90595375292516,1.5006865752792231,2.573168125986717
2022-03-20,1.9858442324092127,1.1167208671997784,2.5086977402718995,0.4368236359540669,1.508844333705638,91.66819749908151,6.678781104211551,0.6663414965384232,0.4802861859064814,3.231926879951329,2947.226158224087,52.11246160901574,2056.7062973058005,1.6336388672502316,3.347040140437757,156.93081534244354,92.4040853235694,1.5262442393097375,2.69906525570526
2022-03-21,1.9676113226985248,1.0482193978962413,2.401156730238303,0.4196997285863574,1.443152010609298,88.6912735745978,7.026824973920319,0.6415361985810035,0.752000059120272,3.0924716194363686,2860.641960901919,49.81017005390091,1990.988077875708,1.5547507037382444,3.230775199038017,152.5604135811459,88.59618802144291,1.4640682235614884,2.6019619567264587
2022-03-22,1.96843246121186,1.006774506331033,2.408098829837004,0.419224238976253,1.4376098337656689,88.48918927197015,6.862523956600714,0.6397665060615408,0.6619724325760726,3.082106948231956,2896.5869324317464,50.39286676047338,2003.1855349510024,1.533010332069496,3.3049508729026003,154.42171175433722,88.7701729513472,1.466245055822723,2.6145124630373613
2022-03-23,2.0090414477465752,1.004813145512589,2.437019572150335,0.4457326061406789,1.4600533074589197,100.23800648089532,6.960521411515988,0.6643362664457564,0.671205726008655,3.1184117575853145,2969.78498365825,52.38195839262781,2040.0995550804987,1.5482593604105264,3.44699488161987,152.8163806054462,90.5041358711658,1.5058924071893065,2.6441567438363998
2022-03-24,2.024442059158978,1.0248126939034063,2.5439577448812947,0.4532255892167848,1.5371076699864112,112.43617672008811,6.913590695077265,0.6940965536924004,0.6113085647215417,3.304215654672587,3028.8352577107285,57.86582030958575,1987.8830865268744,1.6106085339839722,3.669290021704347,155.7612755505475,94.9197584526827,1.554465080074417,2.769158195561908
2022-03-25,2.020686032287721,1.0495277102017726,2.689272213365867,0.4547698689697891,1.6819384122299854,124.0849309925652,7.077893633932202,0.7021764036817758,0.6336434949658446,3.4359580906080973,3106.657023584939,69.75186126926529,2009.6102757575047,1.6280348441252803,3.6555185695095274,168.59489420959702,102.1802283204168,1.628999609937458,2.873254631654753
2022-03-26,2.011752973869005,1.0045970209193755,2.588981401644885,0.4363422482038779,1.6168396154894524,134.78837888636255,7.003765617750013,0.6704854998940839,0.6109156855491081,3.3617074395103264,3106.072054158695,71.43698654008695,2010.7295977014728,1.5734703491469826,3.614077575078037,162.66873493761904,98.6467426834056,1.5789704721986562,2.7537432705466247
2022-03-27,2.027693161776388,1.0310797685900048,2.6143769721861574,0.4457184331246325,1.6524131247394198,163.73914301660412,7.18707796105254,0.6956852958188576,0.6721328100331487,3.38771301017108,3140.875710506441,66.67072505421206,2013.20701867339,1.6283758477390915,3.629641877327392,163.14389950100033,101.64121040495988,1.609113604892018,2.792504980458148
2022-03-28,2.033854348622016,1.057449381207065,2.720310003949392,0.4889157199290436,1.7858079981825077,160.3009334234556,7.980174935801584,0.732284628510297,0.6697243910036049,3.5487923927479503,3285.1730967305425,67.88480022087793,2050.81157497108,1.7496870853646915,3.983673691502395,168.35871441012102,106.90984972476438,1.6912480545936497,2.924778868156176
2022-03-29,2.0176669769167583,1.0516652711325147,2.681804253270944,0.4832230497697823,1.706800658495332,177.28729117171625,9.700464453319196,0.747530876099158,0.6473489076970534,3.451975552539811,3328.9341246867148,66.8729783889949,2044.5005951673315,1.7216946276025202,3.829453216887349,167.48717769093088,106.24001892236812,1.657857093092196,2.8701735704511884
2022-03-30,2.03720506241917,1.1136500992830245,2.692063739058009,0.5108578747464629,1.7476945539835094,165.49940651660378,10.383028155813212,0.7829308536979137,0.6435032461874542,3.5003540620844,3401.184431040135,64.18719506687317,2115.46111675535,1.792423975440649,4.211865972161603,219.95815674188395,111.7464464649466,1.673703791604107,2.9284819192193288
