,timestamp,aavegotchi,audius,decentraland,dodo,enjincoin,nftx,rarible,superfarm,superrare,the-sandbox,ethereum,axie-infinity,maker,1inch,sushi,aave,solana,matic-network,yield-guild-games
0,1630540800000,43016677.60499689,51248773.971186064,164700096.72329777,73701836.18299127,202270139.98471436,8368037.736416389,11627493.002630742,24067475.623169657,18250240.20636188,944345803.70202,34465100677.998825,461373005.5226486,118931823.29481146,128118318.21812421,639705124.9985493,645475333.9757116,3649705606.8515778,1560696928.9178395,53171981.55642812
1,1630627200000,31892724.89344722,78481018.88036379,126200019.14058308,75980173.8921912,182532752.3878975,2367363.844157934,9701711.807577202,24915482.022338856,11689548.607311472,438995809.23854405,28115776510.367878,369604907.0663234,85411298.3752427,106653282.59015132,339819157.7319746,298404458.7955352,4623249675.435575,1183968629.1604707,30701475.29584694
2,1630713600000,30626301.872351184,143455264.6299958,276450134.3764647,130717341.91249593,174363969.25662097,2763973.049032239,12716473.505266212,26792892.47172654,20818317.00251835,347066483.8535711,30463347266.426533,741383625.2957177,128097882.30533265,158642448.06928194,317421700.1125981,322903213.60548896,6871215127.90067,900520202.8397559,39153542.658126555
3,1630800000000,43307405.71506742,53122962.21998698,217155831.55200905,92613225.71704479,180022101.496279,2749174.766801944,24920425.552688926,25425637.444948766,6841087.853874439,601004496.1857154,24002848309.4245,2916046416.1458025,92325752.38487993,133803139.0126547,245514928.164536,255751451.2897183,3607645007.288397,2179616389.0456314,47148397.32501618
4,1630886400000,29647028.216893155,44460376.14116413,149545155.18634695,78489165.23207325,192531511.4052004,1430653.275612715,13808305.765006132,32119240.669697497,6946210.381375344,301301876.1608021,19760598542.300426,965482410.8556558,97448398.69417538,151008728.6973327,477099995.99708736,441743533.1926143,2711248607.007888,2161766058.2233663,22420570.31548574
5,1630972800000,35014522.49570051,77870774.75492729,176352241.5981372,100527511.31604797,237598869.00076786,2281965.3283516155,16554902.023438733,160186886.19150466,8665313.910167422,261541453.62419885,20190616165.855145,974516886.763914,115374477.39558259,129832540.74256681,316136016.56314176,389900233.2616019,5245858966.571948,1530368131.1756022,48957065.60592386
6,1631059200000,41623252.01435387,118289375.32168214,271211524.2084786,131745592.55720207,347642931.1366359,3244632.1945769936,18729923.19114213,100360604.25498423,7453539.540266942,369597717.0742091,42541561062.44531,1257484589.3762758,198475006.14323366,220036217.34039643,740803373.7167232,748477132.1851106,16149087501.300968,2839649877.0862355,78692948.94230299
7,1631145600000,36248175.65095957,60771905.45744904,224204364.67313007,102261867.48174351,265364287.67287225,2585551.9142185953,18819210.560820628,34424596.36890851,8219605.7415564265,306264186.9070588,34175479497.51584,1492837957.4227214,123774504.62076923,149480148.40965056,438741063.61602235,481574069.0575264,12034756697.736256,2076261412.7030559,52940029.43423243
8,1631232000000,35731267.30203555,72152542.31983492,103575828.76816793,83355013.65612966,156280308.56872788,2466493.0282761664,16166931.287764179,29020810.809290603,8492898.367550882,196885172.54370287,25796050344.025276,783147656.0247248,119757975.95442127,102157756.28814462,388781065.21865594,336790772.00000226,12182432665.179003,1635510580.6177518,40674469.25511186
9,1631318400000,33159357.593755975,48203561.38722296,84499303.89133696,62400067.23290717,127216850.41668144,1362732.4731687286,11429031.087879201,25080639.63378625,5892253.768970756,136585296.2719709,24111446202.204918,508999489.70645446,109467021.43862517,78901390.92395264,288215607.01781356,323581886.60541064,6992113162.711526,1394843799.5904737,30387008.80438508
10,1631404800000,28548513.1239157,21185157.657134444,48370119.804348186,39570058.959803,79007444.0380938,1190550.564284084,8240040.105190456,120813375.04418334,4142551.9693249715,75946883.90805176,19742335705.039883,442049630.86628884,79001199.30994786,51466539.51466484,202167391.6953929,239086984.82219177,5327211599.2398405,858142989.540201,29418578.540807426
11,1631491200000,30104816.61282767,25399314.898133364,58541733.0412596,39345602.529464014,77422814.77032977,488483.5408974753,11786338.719484441,22940775.227559246,2841160.3622349435,112632553.47773552,18149841767.144417,346667214.4767029,78707576.93533438,63327000.830455594,383124845.2283013,257942713.96310738,3006790022.730882,749284226.242904,39930587.209517784
12,1631577600000,31815387.710303713,25304882.68999022,119456112.95012902,45921190.59071182,96434960.97331177,2543185.5201121597,13999959.05802651,14183627.814430734,8938972.523586256,152556138.70562238,25897933725.98018,516471564.2070853,83036162.66515003,63000200.5355023,475813524.71028847,314263211.9004637,6270536793.440139,891995496.0845989,25939297.035696007
13,1631664000000,25094219.703435604,21035746.668438293,69685848.69767438,33564404.12856645,71829847.63659452,525330.1452675245,10701719.127843026,12628625.81049127,5418945.918037194,72924084.56149119,21080767347.82575,416921078.3721477,80198037.15575296,90436641.7393353,578247919.142762,720731576.4977424,5484253084.148819,836035832.6018927,33455155.640779085
14,1631750400000,22736295.925834786,29341229.718393996,56180390.04347054,51426152.49916055,84701223.70168349,25125324.600922853,9684826.5045764,15543977.672149627,3169538.1460068147,69527628.5092812,18985547836.191357,290626081.0186615,111929505.74945332,124125220.79459246,967013719.0405622,694255448.7179588,3973589945.002292,791738350.7514877,20431562.29122352
15,1631836800000,30971013.670088433,179260642.46480048,69513802.07497935,49907235.57068806,81856216.04746342,8234909.005380571,13074427.800235152,15660107.164675878,4599168.635479052,111040702.15621547,22391476966.877094,347903801.3548212,120817067.45250215,190647625.49443427,1205921068.4800615,518358528.62197536,3163024291.1889153,1152716416.8955812,46333283.938403875
16,1631923200000,32197291.65545534,177940434.92603844,53782480.01974813,56602798.66009127,78347756.26632337,3040546.734378381,8779363.14611418,12809762.259452734,2940484.3423975385,78788605.37210093,19039612529.444134,306253404.7309875,123837982.9019433,93909241.54595706,1251080751.2281816,371757814.56524634,4637329446.05819,1041687423.1181028,46697285.62996899
17,1632009600000,26192694.28094124,44053437.58880813,44625480.255320236,31204303.086378824,66106666.45862731,2928002.6374361427,8877523.174170299,40637424.345708385,2089621.2688589965,51444633.08891951,16278153590.132133,246206131.514397,56762235.61973627,79786708.3661182,683068401.6632044,266604789.20916268,5288896343.368672,769314524.4555323,23115591.299024645
18,1632096000000,21688106.07241451,83082986.51338081,38951497.69961452,92992131.86738162,56644910.41690761,1617868.561445725,7596214.518205241,23305720.769147813,1796961.5193664832,46575521.161964715,14500103698.494116,217688043.6184681,58051920.67572531,62078065.564060435,362984464.9063662,227983378.23895663,3442771809.9303317,611904089.6545739,19955751.426513523
19,1632182400000,75336609.97081642,127749786.05991055,99183457.25126757,79820114.52644326,125352218.55998541,1306280.8555234305,8247108.804779474,19990758.34840913,3968349.186838611,104664083.64611901,28477674119.56528,453559735.8833243,110318488.49689005,108524031.04203431,558740612.3530219,460606697.4603992,5652873068.780831,1220101136.5538487,64065048.466531016
20,1632268800000,61983199.744109645,72403259.71803793,78385864.2015375,49769663.69089073,112451905.1067958,1171317.2722116474,12298388.763999237,12911362.683436932,3393966.0926661226,110146727.51417658,32062935710.168865,380406182.388551,91147399.90288946,93783440.95802574,463641315.71075267,344670646.51341337,5306957386.522338,1109838530.5877314,37457168.88800078
21,1632355200000,29213688.23864316,53469682.59526426,65681865.57739653,41084622.03759465,86293154.2272396,1458176.0915865903,15266072.728807483,11155181.212288853,2126719.793403922,98628099.0415324,27084409011.05875,706595362.1291326,76620030.11639097,87593784.13086037,391564585.7366372,321794888.45897394,4912176158.173082,1018507061.2377136,36492063.82402
22,1632441600000,31051091.473812435,33863551.60061193,63668899.393024206,37228233.48341456,75296261.89859957,950246.5040402664,11881502.33065913,12130061.31771266,2637430.2389402073,253548257.30016357,19536554032.084408,516361771.8701419,85266102.2367787,105166286.23244041,386585090.2511074,224190350.43918842,3353529940.5091395,703141242.8935702,25393768.097107314
23,1632528000000,26332693.59077403,37582529.66368163,89575889.0550517,116461250.56420973,85658543.57683884,1616448.1855979946,10738894.158811253,12049772.517249713,3713070.5596869956,100704821.69812755,28504692815.75815,639034810.2525342,115060839.57709368,98840353.89176631,428364573.68560666,310483123.79814714,3863693217.85245,829334430.7763494,413192108.2386844
24,1632614400000,35898296.57081045,24084116.19287866,43007750.37744932,107983454.80010544,73892367.12799945,539192.456222772,5724159.827999379,8543539.826340007,6081583.748604881,63151274.243982024,22533679023.57236,248045754.8813457,63442365.60879599,59183131.3879939,287912626.4395219,180952957.74679485,2059643190.9342535,651642638.6518939,140852761.2041597
25,1632700800000,29752779.182794586,26474582.36763486,119990313.82073702,59963125.88747191,101781511.96802871,624391.3951707298,12412244.493753595,11449561.020367812,5101087.881836828,82363746.54901911,24916718280.69273,301997193.6534222,320373058.6523938,150293406.25232717,1058541509.0462997,391899854.5890574,2683407146.306161,741907083.6121964,126000205.14153272
26,1632787200000,27992712.527580004,21195843.7238391,79123692.67112797,63341796.451740555,70188640.1537995,408087.23114678275,10912928.796047134,15415472.015244508,3007199.2786111766,56830554.83672207,20890327693.72457,209613683.31860635,94767810.36870277,124459722.13230255,647798673.1475518,234659348.79603532,2989640865.287466,598994471.8053443,81325645.63091952
27,1632873600000,31601247.537445284,21097075.05802993,87291690.98410174,36320827.52168495,63899314.48805133,793890.7213898988,1834607.2507266563,10202651.315581983,3989729.600857874,91172769.88146771,18975426962.499523,671257825.1035309,107988328.5462465,79007094.50693011,520191718.52656937,217080995.6465504,2409481752.9774637,512427975.96414536,131548949.92219949
28,1632960000000,33183505.47586529,14330176.113770578,61074542.969600216,32930128.8522491,52451101.4140065,351903.3734652906,348601.9416610242,8222424.6840853,2824472.16499223,70692376.62588654,17522543131.581055,563362883.6501179,75120931.23752813,94021207.08427817,361145740.40141606,203741940.33261293,2423220767.1797714,543730210.443207,79781593.36677031
29,1633046400000,32226627.750208452,21653368.934423152,59012511.89928943,48565377.6334647,70276531.73468825,1293256.7895393781,1189602.1253671932,14721788.140069386,2781832.4843517425,90658925.12795459,19400423828.622337,648661115.8651451,72068555.28474429,81525821.60299301,326173728.78585994,198029043.39112177,2213933967.637082,586344643.7719287,97364705.46399614
30,1633132800000,34364865.07037088,29372615.983568918,76562346.7763648,55001259.05312276,100837868.8128179,2594905.270043556,4186555.3859880427,19607539.160435,8338157.62075668,179517724.2831612,24368105704.246353,2054615038.5419245,119335646.39139499,148317363.2054761,349450550.73733944,289013610.45062315,4217104529.3629045,897200922.2229043,143390104.68310603
31,1633219200000,23755707.211102508,27165758.937887475,63580306.82751621,51913511.03401151,98505491.14682944,641421.6946080206,2234944.308217343,28644218.967553314,7735168.308424738,114243313.36204806,21335051735.331825,1659811494.663786,95627247.55136205,160543181.9948597,232640911.4047188,310673478.2794861,3290801786.0451536,775986368.181296,225211644.65018106
32,1633305600000,21608552.747828986,30965874.96970915,52016132.917633355,44387309.223627366,78630014.26080535,1257183.1266655093,1390857.0752590154,10618698.290870182,11117538.537138626,240663203.53323522,18130363405.685154,1595845668.2954729,87127798.46139918,146898169.24509224,194232883.31974483,223252389.01019025,2990394711.9668913,774261228.808194,114782193.76609135
33,1633392000000,48267099.71628995,25260851.535108127,167906523.1470308,42173775.40461267,204385403.36859584,870473.9162675267,1044831.8992482148,18938476.14225007,14811321.646122433,185641613.93196896,19898468513.475533,2656054896.0903344,95927450.49247344,144918107.71346128,239482365.95541424,259023524.99413052,3108612675.2047114,758691956.1972643,142054711.2614189
34,1633478400000,27715327.433817256,22097922.789299026,109592710.99063371,54668092.44507651,152672705.05752054,968300.4549422082,1715778.1745168725,23496313.88032529,6678662.334933879,91636367.33961323,19024921944.49268,2240021805.4677143,86182606.18863876,142191780.91205043,252107099.61192244,236096504.57033825,2550034958.9268904,683894392.1308215,118084261.32046905
35,1633564800000,24033466.6029315,34880100.62035208,81283150.85127982,49553132.80095558,146172348.88068178,785265.8916387087,1183570.6437754368,24365736.723452594,8633374.46846548,214024451.7118566,24709364134.235626,2783535655.2072363,86704927.9961358,136345909.2645514,360328734.8522883,324375017.773654,3216047716.7546687,805652057.0269445,134435961.10104153
36,1633651200000,21391387.264395278,24877399.6628007,55320435.04612182,49014108.97364399,110375105.10775812,769742.7972505334,806723.5497290241,39377051.961907215,1852947.537545955,72718958.90594333,21186801824.571068,1068903182.8684889,80940994.86910342,112873537.13079712,276939316.27411157,212823848.4578407,2469488735.063495,779723651.7248777,78097751.11316527
37,1633737600000,20346945.59363448,24028282.03872857,76938483.46440497,48593316.53779516,115574881.5549258,688538.9223077215,1300969.1860186823,14740873.016816357,4823930.790635253,95260692.13100089,18144469093.779636,1119623050.8027575,78390609.65628,97344406.27224007,274720162.1566389,246638154.33811018,2714913213.201317,1168481107.3571932,50983268.53855491
38,1633824000000,18896397.152179737,16838954.90881553,71981891.99527012,26381326.167780384,75880336.05244654,705751.6834742463,1202265.3924710033,10008855.434165366,1445726.8104255213,64475009.9225164,13815631715.44782,544579733.7496387,81275720.93329972,60447140.37004477,141641410.75491855,126960097.57972011,1421850535.6544025,718479322.9192399,43817181.64083083
39,1633910400000,18488003.81681136,16528955.454728337,52024827.93629461,33499995.633948997,73604475.0593467,569219.7894026937,4030429.6391698252,15554302.382319521,4988837.967837931,53736114.85467703,18106607784.26291,472424948.6687147,125192734.64936005,67210130.96918507,201416388.58492392,162698590.95313784,1495896606.8269508,628634402.0179302,38711388.3984132
40,1633996800000,22826960.719083518,17892115.468191985,54503294.200488284,27250501.294169363,76244116.98642813,218673.08410536015,6643509.3517648075,37959061.2117504,587498920.3393085,60557155.86282939,20424407322.58066,543309728.2961408,76852208.86562097,72850529.53678393,211946291.50880703,175599474.5396548,1718475615.2479117,604162841.9636724,44754622.25966397
41,1634083200000,23984765.849236935,20862750.081514746,45262143.529404655,35533098.75873473,89041308.23880684,567501.8903640049,4020616.412759355,50309055.13253619,133801543.83042693,61849206.74086994,20207646949.24054,996271659.222996,105620639.52254441,84353231.09988068,206065598.8940909,236016966.27999854,2766260744.0121436,668072616.320873,38805622.053604
42,1634169600000,24159222.006560877,20910487.188784964,45543503.40731409,91577963.77500476,79694895.85692124,354347.66119574435,14145033.773300748,18140928.455999125,52311478.17882634,62447716.923626505,18300885349.637314,531406801.4547369,78011504.90608951,88765351.66639511,290307644.56248903,276210104.554772,1975667394.423865,583694852.5189713,38449861.6066118
43,1634256000000,23783446.524352342,19425427.147492398,45774399.61543017,117680992.36995594,76636689.62327895,366242.3909454552,13613597.629973628,24485399.35848947,36594227.35755202,67621505.28882131,21679175672.91577,1158086951.6706803,87389404.87147179,239715242.78498298,277863543.3517738,234827952.40980425,1912976981.956736,581061607.659328,89951926.71900365
44,1634342400000,35205456.06745715,25148393.213914905,71697273.79091065,333828622.9317777,111134038.3787335,569014.3450050441,24817414.50005338,21725990.73734867,30699004.80751092,78574632.91577208,23144188055.382,1157103943.5468693,81783483.74785587,168258708.92498967,322642553.0398673,204065697.82407117,3892259612.8294525,4316164933.987685,58602185.26597825
45,1634428800000,26168987.203897197,28736316.12569447,147349057.56576645,120444658.8163489,167097303.60222122,782677.1614807132,6515681.2768806005,19515327.255410474,13747628.253335021,65046700.56670894,18154520779.65643,435541070.2912213,78272380.89718622,70923598.04966436,371571299.73912233,194027765.87908182,1481556354.0119083,1408874206.252321,26948197.540333584
46,1634515200000,20802537.958185162,21206345.01311993,71939875.54490012,63271760.545254424,96551310.3083301,161687.97403870983,4136531.3948325794,111960468.14655435,127250644.48623124,51595868.60869865,17263171427.44574,428387438.34712666,60791507.58565089,188109466.52468443,259804954.02352145,210168013.54806885,2132944251.543325,731826163.0311401,20192096.689036448
47,1634601600000,149464521.2199046,22295640.42652748,45989503.589346625,98971555.97725937,66661019.63363919,375606.17116672784,4409347.711104226,17194160.07761959,55296548.329545,56578758.66646575,18931081929.44796,406113483.1082992,74491794.16806321,188517804.53630313,173759857.37766042,150477483.08863142,1619036320.357656,1244727386.0746522,28839059.961586382
48,1634688000000,32554561.50223676,12511273.577540714,55525574.0198889,58370540.207815915,68510795.45222439,287816.1501842012,4687873.7110667955,15503192.989629012,50462434.722531594,39642960.49777217,17449609317.97657,269921919.0022289,73373921.04556948,156238017.84771305,180146395.27053797,157259976.96801466,1345983825.3265061,723247191.4973623,14501946.712307135
49,1634774400000,26156475.99985568,15965722.829395698,99467371.80712469,60792319.63032667,344537995.07516056,124609.52121163023,4723431.433859067,41666588.29878122,36570335.333057545,67314613.44981039,21926381355.419468,462428424.7127987,84631305.9397546,228695788.05593595,274579485.7256786,195022605.3010081,3069126856.4038467,842457013.872256,63701676.03655285
50,1634860800000,24039696.787353627,23651767.607212413,78442162.0664332,79533019.09403008,206798377.60750437,271828.6484249153,6639822.83257867,38601799.62706469,19072194.68343287,82181833.39085683,50122173541.0596,819515278.3149079,116586176.52710149,245892846.68680248,287018735.5910765,310312721.36247367,6298926456.006809,1031940931.7701056,51038327.930649005
51,1634947200000,22811676.182654772,22865422.39479009,54748236.63425967,48648327.55577174,139175347.23086447,219655.14393166517,2505852.463586469,132126414.20805642,17970688.406325746,64339823.25055196,21674013294.746418,915132827.3456562,79036765.06608205,180417653.9655441,184287654.37945572,176535280.8119787,6789555146.637215,841549519.171196,46844350.95264111
52,1635033600000,27459824.712870557,36253828.56973431,35520456.65969304,40107543.10907867,78933289.47580859,190104.8740350211,2072725.841018793,34482935.70657991,9755510.930940315,40001187.65578417,16499701301.345774,504106990.78394836,64403043.245360136,110263608.38351576,175702427.39174086,138669602.1136148,2951218516.1830873,1159606742.5900307,43230613.12476399
53,1635120000000,24496705.91630432,54845991.3288442,43234587.74228478,31223942.68808803,97889205.35820253,276039.07405018056,3133261.50405505,21352961.817195687,17437633.6004643,62314569.57920086,16494229912.456104,438010426.9992751,81277227.2209408,130643809.82035813,242802878.09310746,165713218.35945234,3114589452.2112665,843047779.5590494,28440912.276817106
54,1635206400000,28952879.421217,36949457.819727086,47475701.96357823,52912021.45357033,122948758.36659317,382847.5062805098,2528478.785104794,15789299.712735008,14640377.929804511,69319758.18414731,17031857290.344103,980852445.4082527,80813766.95308755,139062714.01319206,162740004.35125792,177105672.61155528,4469234352.347065,888899066.5063761,37104247.29152368
55,1635292800000,48115690.03089925,23770459.660855006,105006547.93151638,64047419.13807258,338472642.30038816,374218.04788073874,3113211.2213341417,20246928.586558487,12462567.224651119,103609066.29198804,18925943956.175625,547472321.2934331,141928344.34244272,130766399.47496524,547321206.1722236,398812399.7570646,3052799572.7936416,1642540935.332247,39175996.07928606
56,1635379200000,138050708.76998153,33999181.738600165,127256344.77460526,98134368.23707996,685005683.0671291,134886.4785182892,3748395.68429452,28476092.92992016,22378211.8506097,136826367.66656107,28770879596.15931,492747009.4979292,128738392.94233185,2338983773.024619,491988512.13664186,2351528326.0417323,4812686988.408542,2721999953.862644,66816805.94365132
57,1635465600000,70832166.5915224,17815904.40597758,459280003.2382706,58037186.08195372,574655902.8015431,71106.26748330423,3438398.826424457,29596064.122458868,25779020.63999171,275499015.57567066,29989860066.02069,395430763.7334552,88574541.75855896,503687772.1967059,320792467.4781962,718455128.7925719,3385641009.2162027,3189131279.714046,87351337.15523493
58,1635552000000,109967544.92590626,19472764.436866,4382228922.168953,56431364.262137584,500978113.5904829,489535.79739410646,4216973.395289019,33353111.968353625,20586237.67289533,1162017532.7324553,25462638679.97447,2011724149.125279,95131361.99170718,263560620.06479928,289217565.6443439,379984805.0918577,2703331790.5309463,2219071920.3359356,137572618.11363733
59,1635638400000,108592342.53929697,44468129.00610229,25290764281.57829,120073543.88879624,1800693285.2608821,355689.14637643134,3193348.5470532537,68617400.13227691,56490594.37872807,4794497972.3109455,15937401968.575453,1642925085.619876,75931107.78866526,141374167.2122887,166593846.5731133,237245238.3661715,1651079244.1462584,1135615444.2271721,186058632.58206695
60,1635724800000,100491024.47473635,108572913.32542956,14035797611.235931,241033373.73279244,1378703751.7786396,279807.75598134834,1833266.9443432356,168989451.4302583,39694652.65630766,3849262910.002091,18516249996.186913,816027448.5700426,95867954.97615734,187608758.2653361,230312598.32615584,231133470.46225774,2508960378.247013,1260219841.393622,148448654.07577914
61,1635811200000,47030890.62415156,71501488.57157032,7206761187.115239,84770228.69094664,667772858.0571715,860630.9862659314,1715903.8197402633,54647812.847664714,17667545.817263905,4554195992.8803005,19235929520.306248,474932304.22413784,113289764.20018774,175180147.53162146,782754260.9225651,253574785.7616422,3098391561.698444,1033840180.0817758,71387468.15246278
62,1635897600000,59491077.70717383,143355537.84226882,4675740968.452435,80920400.51327062,1488647476.378663,236453.87338345128,4737811.468768067,209010954.64753416,24630691.256139025,8705030050.049564,22135519614.732147,627683804.4051137,239304109.5027676,144038299.80457652,342880331.1507659,189802120.59858367,2953101041.2490163,1061616621.2795005,60436479.895319976
63,1635984000000,35562235.305698775,60751225.95562284,2621822150.2094975,91362373.29046384,637564247.8818808,906019.4161746211,7441823.049393774,140549726.8516651,32305685.09358315,5490193211.219503,22744538221.14315,556637129.3633376,787824939.7658454,133781070.0509153,540322092.4749571,315266679.7264529,5949095156.100889,1749682459.0039234,95219628.94829161
64,1636070400000,46203454.89264756,48613729.35861251,2016498476.3618448,53458241.23017612,1219091835.4565792,160321.52736554565,6485699.943540391,77986314.25320916,19986882.432621203,2289983868.742922,19583405367.2671,1856178001.6790159,201418611.74252725,189808893.99533707,395330991.6782227,322525883.45668054,4457165321.346256,1071278339.3867736,130192691.45386982
65,1636156800000,28326033.136500854,57159730.703561515,1697568428.8759573,37794110.25642068,594044148.7491918,181707.8897753101,3209096.5054506916,306085070.2341667,14140604.407867143,863541234.6564509,16182205113.440348,870513210.426936,123206522.98031722,108910031.17327847,236405829.1600596,325825143.8778795,2814464970.6926665,700011545.5031708,103329051.04803374
66,1636243200000,23896324.526765343,26458752.873872295,2756858822.5259557,37066138.64630658,1597240475.7982948,223053.80473857094,2162071.9967303365,79580451.0581232,21299822.809417706,1004616974.9856595,17697965751.156593,1332623164.566938,179012160.0725699,124528392.06052509,286366544.2607926,238493568.28862053,3906155465.660115,651724931.8441858,74958280.09731016
67,1636329600000,19498500.29002829,22588018.0184984,1067374171.5795122,142594558.61112288,623124767.5136213,333173.8016794372,2251083.564950962,137671614.15140176,13675934.753204748,354520683.31755984,14665949273.051767,653737458.0079311,90766959.54824886,114889423.2065254,232576734.15676045,158053311.31465083,2644011982.2496014,559816536.9273394,52267875.24845162
68,1636416000000,18721424.779591244,30089732.780617546,967328601.4739321,65488499.80134162,481548688.2375809,395498.3041066639,10449588.201875633,222049793.87453556,13507656.70977805,860108099.2756335,21226347241.356174,840724810.0654769,255773921.317203,130942221.32873046,236944826.28533292,255847188.33146665,3223918132.658522,924768144.3684882,61769052.49473549
69,1636502400000,21347553.551159017,49627737.87874041,735911568.8116585,56377203.475419044,383504876.8064161,303820.8375431152,3726568.8357077166,119523998.11517493,27206061.3769018,511720777.5219649,20669583046.287785,516330714.3688466,118362967.63673334,130380156.49693179,238156224.9407399,481992103.3232227,2681222975.329351,1187637281.5292997,54218102.70429677
70,1636588800000,30877572.50999731,57987022.87210124,1887800484.1111555,90666406.37481374,461079864.7822402,396275.19072746247,2858152.980445744,105195094.39700998,30062251.69565343,1182634496.836459,25152889711.576366,624363534.9582373,124315368.61401054,248677651.2243125,425373889.50097835,463558513.7745816,3800891475.935171,1446005825.2628653,73357243.27344646
71,1636675200000,27359053.51611518,23678384.62161611,1414475995.2246099,92544308.36080243,306261689.3476884,167920.50937777883,1489365.7746985035,83792995.57051387,19360469.749928184,424975319.0606177,19048319256.420074,395404137.3010426,98222590.05236152,176466656.23450172,183090877.84224558,218303284.1286662,2618456168.353021,851457875.1866089,46845411.023769185
72,1636761600000,31744144.164578557,31820479.769559715,4801029467.647754,90125500.55748901,422203095.09436834,134854.67041767325,1219461.8850337418,42080020.41210252,11609103.790383022,1195708376.619834,20883749031.792934,522311144.6174414,86805719.46912962,110185033.12582129,181094476.34695047,255410166.44801036,2941595137.276679,776851177.1991373,68926867.85742655
73,1636848000000,43972100.75796924,33230240.700063106,3999372379.1586995,37744236.28759875,386165497.0493301,86567.40158718554,2280436.701215719,29142013.388408523,11048552.722867094,1869216032.261405,13954188613.807226,308457428.56545436,152933246.13398463,105058585.74542691,136977516.05352572,176490732.00682303,2171331102.080433,543392157.6055948,66634553.18976705
74,1636934400000,24091954.910312526,36964799.44177126,1384052400.024112,38509763.26979734,200674814.45258674,298677.043512913,1334963.9018789027,27371619.713222824,10276652.265670747,664246780.3640472,13927559432.546179,310680213.2065602,83184586.67517939,92744451.53732629,109438389.42581902,173647913.4231473,1611356876.8775847,519499651.70196795,31324226.007575635
75,1637020800000,21396099.07286368,22760165.83065833,1918705228.4448016,46437823.13765886,272240675.02998024,133419.72884313553,6939938.096282573,31032924.46967522,36900845.99773651,547420493.0950143,17939105212.670113,327047933.4302523,98180115.78291933,97553753.56472488,195154973.40352505,193678431.16688517,2359326721.661139,564295637.0357465,46264541.768745884
76,1637107200000,77183031.5919389,34102504.20707562,2689155279.184358,70332304.35973649,451563305.9856343,138064.16884261995,3069472.855326416,50492713.87430717,14186996.89241601,3043440017.4110565,30162258590.6919,540634562.9204128,98821822.17668876,158892332.13979125,322044066.66123277,330375883.72527254,3508776790.4518046,1105603669.5007496,64264011.65732377
77,1637193600000,46436882.35174456,30820210.15599089,2391035670.0726614,38661182.426702425,409388955.0933209,322297.4099172315,2460815.0217544674,32084002.45213632,18544890.38560503,3727154581.7183723,23532734478.929985,509159087.58333,92893333.77437276,112915747.05454785,220824682.43154868,262199521.63639387,2879294187.4798455,908121609.9123067,181771777.73822615
78,1637280000000,55244881.99755758,575227420.3334818,4445212122.634344,52015552.56549872,806769773.3618294,304977.8512904535,1928182.9725528252,78465871.89676203,140931487.06941816,5352747189.93519,23825764061.571724,635273272.205702,230942898.82505143,131904910.50805384,384052029.89822054,246971928.56549639,3731836544.9342785,853963403.1290841,511134003.0149687
79,1637366400000,63019124.35589078,60991379.57066186,4484259205.936748,34979517.74288728,1272849346.846091,147606.6424688617,2566891.7295246287,70854331.40924256,135397944.07798553,2090930710.2914722,21398451638.777546,426517325.72760034,86509914.16404602,118391200.58538577,214341081.72264484,172731126.99191374,3291840770.3925467,667015203.4912163,193964742.1904416
80,1637452800000,140152096.38528123,41876156.354034536,1804623892.0058959,42391336.68059208,960339017.4172187,223114.23300038048,1996109.9411787721,36588731.674541384,46727204.13425418,1160994137.6480973,16407598047.996004,407322221.91664934,86404827.83707853,116520777.95488517,195057383.6638514,153542835.1358236,1870041532.1098204,630936528.2247828,450813381.9387388
81,1637539200000,86400721.82253657,39042152.47908333,1757353542.090713,47787987.32884304,517140125.5543529,180580.92375952686,1242494.224731516,112026672.26059726,123158672.69565924,1431549083.4442153,15090104727.278082,589268215.2306731,79062676.69470327,185017358.4960013,210479597.05037874,152958029.3599336,2555181056.256027,474734003.2652456,280925970.24006873
82,1637625600000,54297748.55663844,43831537.64414671,2530347660.468317,38325037.02819098,624152691.7919508,165037.9595927007,1348850.1259861453,52255917.30427925,74369205.46205904,1956691687.9534502,21563803786.49851,394344028.3750173,75576833.23241666,134071522.09466061,254573578.2795604,191043762.48248953,3174537421.979065,612650422.3464819,152901819.4079066
83,1637712000000,67446400.46759237,225654517.88128954,2685214997.0013175,36699938.1411878,1041752943.6537216,438860.4169052914,1350941.6164097695,53905804.240239754,44664848.07114334,3182808782.9011292,23393688031.318764,487232887.4032307,103858978.89278497,163822241.101888,220622570.9907358,259920958.7773299,2144049180.216279,945784189.361622,192511324.99285957
84,1637798400000,95490901.19394794,123561236.42378035,6466176230.031782,41210708.860545,1673714986.5199442,123231.98267955417,2416816.610828185,39400957.536057055,45407098.763812706,6427538721.6277,19881953842.36485,735207688.017829,128645294.34679446,216992595.38059306,206442404.98444033,179721761.8175802,2339653646.046749,1132149654.4205937,228444538.29476562
85,1637884800000,156531548.56543568,53428169.01457272,6156064777.043666,44479296.15423793,1316143292.211752,152805.9933618742,1758504.0755301865,42771929.81966806,35980624.408318944,5782058839.276629,20241529505.687588,517287505.1798882,183073932.27521876,209135397.00446603,304079468.60975295,188252756.77428794,2227843775.4152346,1521105216.7159407,191912382.30922365
86,1637971200000,104086163.67672373,52497861.74275794,3374212207.9089217,59456663.72908659,843055184.1276156,320750.769355693,2012131.7975627638,48339451.65114498,39837123.92077482,3948099305.4327774,29276733766.839596,484360290.11302626,151864966.3296323,246709935.2361944,436160020.4685513,274672647.0126586,3216471568.33627,1536856084.2803836,138772450.77980742
87,1638057600000,49820979.87120554,84805966.63902125,1788257668.6074388,33772767.69239945,405941686.048742,271776.57308929577,2328150.9611510793,30735626.231884204,17841434.98217475,2133529020.1552682,16500509901.66011,206353165.2612589,87320398.94824365,94517784.25844224,166973201.05481938,115409793.62745582,1351630152.313059,685510512.4937776,72597358.8391132
88,1638144000000,54357319.35889392,43487976.47037389,2408491866.1445436,180916857.80333987,701496192.6321665,197942.12190555123,31304771.148993414,30607223.087776866,19858311.896013435,3800372599.808862,17408610005.868984,338700107.80159277,91159887.65954722,99922028.22694053,417363928.6592433,144775276.1088436,1935383257.029555,777867060.2934328,126881615.7794754
89,1638230400000,41307189.657938436,43067234.35916628,2018363944.5961356,87488953.08430469,508892271.5789769,146147.10578963705,15060728.07332449,48241231.687095575,20317650.465454586,2896414896.2979584,20150915710.995937,324084677.0101107,70092148.81806529,87794606.16233046,327265760.64210135,152577457.5960648,2007398408.756795,914802944.025664,98410936.96743605
90,1638316800000,50336368.5665,33111222.08007773,1849953280.0502894,85775946.76899467,365289520.73281264,889932.9300681915,4838579.816000727,48013899.71977879,37396857.61912489,1975258491.258553,31531135168.773865,352509886.11481375,202329346.2414171,116727963.60572366,287093368.07115424,258089072.06730467,2697160307.738946,1237372770.5679767,97450040.44164374
91,1638403200000,47662720.154117495,59937384.10639851,1610453742.36262,56726911.29610328,335745267.01513374,450555.18980177917,3325369.034132633,57348270.399084955,40103651.732887186,1475135296.5171187,27957934803.559887,380256187.32906103,84185410.42593884,495261958.9528481,257375728.46871442,186327309.5938436,3392086055.2374334,2158555695.3531327,310583445.6694396
92,1638489600000,57722155.87043454,34560022.68756491,1212578151.4325356,52541900.9306948,289391218.92411417,385553.3517264675,8811519.52824415,41295197.247548774,23359597.41681047,1771160054.8218777,22586539837.216267,252259196.5770347,75827016.71150836,171107494.40808523,198577575.3364287,140912170.3856153,3994513448.87254,3167108746.5097194,210991100.34366643
93,1638576000000,41786655.6456698,33536828.670199323,1234499376.4004858,63791160.26187163,345199095.82786024,142090.3073339959,5388466.596617005,32259899.787247054,21842838.357390426,1671517898.4002743,27620915094.003757,608666189.6182922,88146710.93653941,138727845.30119175,195741890.74969918,150584048.60365966,3755641183.1718,3890063142.8227224,94122644.30241205
94,1638662400000,72852971.59102218,49690204.59080725,3142871581.7764387,98207937.99613576,618698111.9776893,123333.48240093602,4400559.870560482,46347795.976153925,22835440.157353457,2764510619.4566994,40547950440.47308,718112945.5698955,174757945.2114073,284452938.0395671,542093572.7461408,450513568.5903143,5616789175.450751,3853578270.260187,127693548.52164169
95,1638748800000,42001505.527496904,25386486.235891007,1330452416.7627673,55416209.32796772,371979941.2612176,148704.53697118003,2209794.7572165597,27236764.77294363,12447701.103820648,1258163504.1905081,25848780907.958004,385281189.1864027,85631771.19596377,141943304.9115369,210301283.89397922,154051696.15443432,3228917298.9251223,2804950947.7761855,60469036.13664065
96,1638835200000,43023991.497780226,33589867.516581774,1491022976.299516,56290272.16901171,369335059.7091533,911951.2877792189,2703001.2343565584,182881604.2579447,42222642.955539815,1498545023.3276038,30676805365.753136,488278364.48081565,96462389.52809656,150806019.77744153,469907362.6902051,278825566.0292712,3396199570.300543,3813868724.1703095,75398561.25044248
97,1638921600000,36685400.666087374,24381946.455630835,1103961828.9268358,39495681.27431035,304123429.1757957,239907.46875968893,1932682.2336660305,162577516.3917338,39615027.88958085,897625907.3338082,21808603057.7599,303345131.258318,66337105.542748176,130019726.2014894,313835465.0192403,200366385.180522,2433284110.293539,4138945204.8782535,65540505.077192575
98,1639008000000,34734697.10787577,28926205.107474294,767258566.5763958,50419662.65256641,250391921.16950542,336648.3918071804,2117429.23552213,56597154.591726296,18536030.81774745,740601694.8756182,19661953642.45195,612682910.0038021,91746012.35672514,108605780.97218381,451777154.83259374,229109038.9458613,2194875795.1411276,3797939355.3430934,56046532.739203066
99,1639094400000,34509995.89871405,25914573.359810125,875368535.6060594,48870445.71221943,277893344.9615796,169198.0519857889,1965509.0807055538,40840838.50688359,14242776.797499873,1257577404.2892601,22680202938.506203,437968165.34721386,82394102.28535332,144424292.13428247,263887987.81449816,177251623.56768456,1858809298.6431613,3018083199.493719,62898512.821018405
100,1639180800000,39124489.86295554,39143330.31286349,613966751.4170442,32696740.51924424,219590137.9828516,165187.8015747552,2494094.626812424,39608030.33674721,11094802.414521283,886692571.4696935,26799083668.888447,245769717.44126034,76874677.47013177,104876671.87469444,217845455.409479,156591754.55638033,1946102466.4617343,2755667094.493426,50210900.7837568
101,1639267200000,31433724.39347426,12922252.326191021,437650293.5912896,26439509.095280297,157324037.00902432,322510.7430202166,1030751.8699787755,21239125.249831874,11343881.198473494,617072861.9093542,19796149221.596004,194683972.4575744,56857896.08874575,84028684.03628667,265176317.82045266,129805785.95455283,1791152660.6944845,1667003315.7949007,53677830.28773662
102,1639353600000,30422646.853165895,13526025.715720907,643884827.1616364,19475848.858729437,175237459.54806447,91614.989007585,1343989.5526436702,19583803.96266228,10841582.045845611,940734905.250478,14046344322.674688,139955708.71209693,49784535.88401764,58255558.7104338,127169676.7556246,77593659.91625641,1094395903.4166248,1086496631.3593671,39439448.284313805
103,1639440000000,35375727.18463201,17745852.60135152,529041671.1727525,30687831.759524427,184136680.59514123,629964.0516073261,1262854.8373257893,22989172.011829887,12072930.898895714,807266876.9577885,24089144863.40074,246594286.2496074,76612446.1415893,148080447.54232854,731937800.0651622,113562423.31594741,2372386156.3035607,1782335566.4425585,46575621.970131956
104,1639526400000,32992197.51607358,13273891.182250328,538605819.7345222,23361823.56340146,169028234.13645786,460188.96136613766,1420018.149387609,82898125.20224202,13691234.393113993,586038131.4829656,20766055169.54314,271756403.9623519,64346349.29198397,123154388.52946849,387879246.2018878,119559745.61599316,2156901491.5380054,1691049904.3849587,40159964.80555127
105,1639612800000,31762777.387414906,18579561.424969185,822789438.4859107,20311984.670841258,230112774.1539663,448435.29731515097,1738209.7319626808,127295832.93908224,15695649.934841288,1257755153.6563103,26881290260.577652,281548544.72878426,59325687.249093086,97759298.09204194,356164753.495113,148217054.61730933,3458991299.158227,2703718559.2497463,234399615.47008833
106,1639699200000,25481501.188031256,14238946.017283991,561575493.2061678,20430520.768780738,172657286.14714164,98968.96563176806,1252159.9854411941,28676477.299105685,11304146.060982743,938803970.5683985,19166579837.021267,191817756.7402783,47023606.638950214,81004210.947695,235176655.96363658,114349262.37102008,2454635867.467667,1810769562.570669,53438289.94183372
107,1639785600000,27057139.88574435,13724730.053669313,501364611.99322724,18827491.041275665,180324114.1931367,595585.834712023,1509980.0372977026,24851827.37658869,11477269.551481629,813571340.519398,23209497898.091805,242266673.27062374,57116455.903975256,107829161.9182539,200988794.69476905,190802931.14727297,2355530732.258781,1722320608.8808017,56045011.21056654
108,1639872000000,27951946.434522238,9588098.350427883,963402189.8158191,14296885.749522427,165400511.06612885,1163988.0194165432,1228733.63673699,15863781.44194311,10024967.909417683,789984540.4550244,18728700443.97014,177053945.48231024,71341471.88684805,92312553.36678281,235908746.4506067,457042724.9663345,1440763837.45392,1609788464.0428648,43653664.160934985
109,1639958400000,20738363.992625546,52839319.43223832,835561605.2760174,13776393.920936119,137551174.4413894,108142.74624881026,1103287.8195418592,13820579.319001,9504324.315193353,624084978.2795701,15960000522.484169,162002063.6858516,47792452.31711561,64961796.51715059,171010329.55837226,127812239.96705607,1441246078.159062,1288536628.7779953,38520930.41531936
110,1640044800000,23395981.489210304,24169587.632030617,725709959.0464998,18601957.74776095,153878330.4696943,615908.665962075,1412715.0248348634,34651883.25194088,12305453.582900066,608423324.5933086,21439121593.0351,213419739.78791294,64643156.70098209,70544977.11326909,154060416.5756325,156523307.6682285,1718453799.121433,1453123283.44519,42743702.07681372
111,1640131200000,22628844.31855598,14603676.324472679,601077456.6126639,18909990.41035167,168817922.26661664,450445.17560052755,1383702.2882728758,39084934.54950686,37856862.2693249,609616799.425828,16630181836.72027,263376932.34698614,47616282.34705734,52467158.30004305,206280219.522401,126640813.7473648,1539489579.1213927,1814671546.1665406,41400458.29347893
112,1640217600000,20475287.248321533,17661828.314397737,590381863.8217804,29775440.846309986,248558683.48019457,55822.89164072871,2128791.8753226954,27961842.318296716,14569436.09814908,617038400.6383309,14022344430.178228,319234821.77822846,62004298.095633954,98446632.92960362,374166233.3961072,375832955.3517681,1635078520.6954496,2724221988.7415934,62204112.097905956
113,1640304000000,27451362.444980603,22366930.149298284,1050264326.6425325,43400114.91863703,297976061.5735355,245231.5401909821,1683631.0258067355,39426171.019945726,17646381.78456304,1871169115.9126508,18571462177.267685,255860149.90265912,74620637.81043193,234382225.559811,729361699.0089573,761937451.7044742,1932687191.4099677,3050169715.423269,70393724.3140923
114,1640390400000,27688822.26084234,32646085.308411427,1038872770.423827,29909112.186325204,217832199.8538136,231763.07586764,2798223.715329144,34160503.02086257,15774529.114188652,1696609222.5548034,13351470832.627863,283311664.50788623,80454899.62131576,190107128.9707372,640260667.9471743,694256147.188158,1997417409.1442204,1648360280.7252176,57443723.57731758
115,1640476800000,20323374.757012803,21941392.871175587,827129852.7005938,17199889.198553253,415343583.20408684,110260.96640028019,1203822.4326960742,16216609.678845499,14755635.444786763,1940803689.0768847,11869342790.219467,299722907.12657595,53186291.505593605,100374791.61616355,404146051.8043891,408355965.73461187,1257985154.9824424,1303093441.4866714,76666780.91979794
116,1640563200000,22273426.943209898,46240847.78621707,773437161.943009,73011339.23565538,362573438.3265738,45184.863582734564,1224216.8933944504,14750439.920512334,13667898.29910655,1712192991.834951,11815773894.02084,205098591.24440113,79500332.93924823,92762624.22981316,377801372.3315293,368992041.9858944,1747475952.8078868,2504281799.0033894,52998718.228759535
117,1640649600000,20542411.678819533,42624071.8501034,729189031.3308018,45654908.207345195,249190561.85983756,975608.0838369118,1323123.915202631,33265339.563604373,42366747.84313595,1001387609.2912452,11725230819.88359,280731391.5863339,76388512.89558817,139717622.41718805,777855672.641286,492427443.09230834,1631730024.3256166,1657927182.8932157,44662704.43043967
118,1640736000000,31451111.211941402,36152334.65031838,968110538.8488026,58883311.44429074,299893432.9041142,651348.4344814062,1635888.2793154453,27879476.44390679,21409619.26562818,1579999838.8606794,18009599978.903225,310880881.167549,65755873.47318415,134841027.666426,1291710042.8392227,830743582.7070391,2541804765.839321,2282218908.622782,47061977.04096462
119,1640822400000,29625251.8580029,20782393.206266113,610800888.6375445,30431592.506857973,227713343.99433848,325386.86770691053,1688944.6604660274,14856139.256656146,13924548.284011718,1440917498.4527721,15528813680.462475,226448608.44004047,74081702.10091573,103450477.00497098,864228162.8792634,450806192.127334,1935535240.3698783,2002370442.2446234,31072850.00740303
120,1640908800000,27158449.587001946,13353140.807088695,427949152.42748034,32200908.92327814,177387872.5876483,32357.230327352674,1192296.286968623,12877589.89996063,12391018.032503579,1037474781.9972024,13445245167.227766,167354026.7615695,63985913.39821523,105767969.23088124,859727177.3859571,420979128.6569831,1379259729.504835,1598156998.1765075,34886383.144054525
121,1640995200000,27670591.040988274,25895043.10298828,480745099.7928227,25632594.575090624,208793197.65900108,457996.19623481645,1352961.9112798693,16686754.453191847,13999614.487050364,1075862735.8152368,14298378834.359474,185510782.6714202,70834903.79171942,83023957.34463549,580810886.8598155,438714174.2985532,1380634374.4823568,1473032170.9723058,30985319.871936735
122,1641081600000,21849423.207281504,13466647.495190067,232851233.1461017,13670349.676998522,113573118.50068422,640841.8995886252,12556028.410235915,11745661.314999513,8939300.065551592,587157079.4345766,9948120591.378103,180890193.87433952,58588262.160116695,63664895.368597776,354497530.45806086,259020483.64848027,960138212.5274444,901565380.2468783,35513392.59723669
123,1641168000000,20098911.035369664,15472705.856750574,253379905.34228832,39438099.988533884,260089835.68461582,1374549.6775124758,16771714.582400782,10834548.749753296,21088546.967252918,616120440.9317069,10069690529.898535,156245312.93167236,81900342.35767244,70742085.91494279,323166622.9756251,275815388.5615074,846802662.8993707,845096219.0563002,44608908.53911577
124,1641254400000,19763402.78725929,21627918.770837657,266259045.67085645,34855411.80967868,225343178.54510304,2362093.1576454835,3055274.578507202,11340531.592704348,12771278.85260185,694724181.1343693,12462872357.255108,205202064.5806762,74234027.50983243,107841424.62279913,414776179.9583237,506289703.07609946,1152100392.329671,1039708966.398375,31930132.083874904
125,1641340800000,21974463.981519926,17329586.045692597,334048355.8854276,37210774.66750626,212630207.20444328,1231378.4959693248,2658025.562722899,14543329.656252103,15321214.5680478,840423517.1803803,13853786397.222265,208202417.84609213,72494688.10453348,100789060.99512759,601707351.5082653,394924743.6127136,1361207424.18007,1231006375.874175,28744411.83836933
126,1641427200000,23627536.969744906,21209615.255828995,610606831.6805792,91485641.18004332,273568467.8865996,2535970.1286597503,2535905.618427758,50053475.38605779,55581405.56270094,1121104357.5474622,18782873941.21831,471296782.2679484,74416712.23188767,119417651.4368022,661271953.2566608,388652245.1637449,1980976064.6564603,1565734158.8901517,38913546.363132775
127,1641513600000,34144529.60522263,15474485.544038255,1694223776.0841491,50392480.82707473,342752006.27191126,1104055.8182365831,2286556.528626618,37317335.701601066,18623464.556289516,1419386480.7950203,24467182063.00624,393454113.411962,92658059.91756792,118895085.37617269,379550140.22349393,469796448.5561025,1922945442.8085198,1673500245.569265,48838445.17377925
128,1641600000000,36906116.49612982,13877290.29017614,1271813070.1920142,59140669.76514663,244968411.4913917,1978688.5212555367,3416944.791943304,38361802.44227118,15980641.490027362,1055968983.616336,24359369448.53183,358493100.1511265,75035824.00653483,141841734.12195325,537784201.0851258,366363784.1185966,2713161094.7767363,1612782707.6406837,58062202.87256899
129,1641686400000,31065085.319562983,11909480.572210122,501305700.32174015,29168598.18872515,170819908.6349788,388095.1208988951,6830027.257159119,26493742.580508363,13330601.657218779,651991773.62695,15966769090.792395,255147398.99996156,64404333.633525886,87244361.22962546,296198487.58741504,465135936.6741005,2495097582.9222703,1142035788.9658968,68744863.05665486
130,1641772800000,29104607.29077734,8442897.343885561,455217723.80779123,20447666.89593054,133534723.1192073,504931.65700846276,3051840.549505049,13517103.65070018,10662629.279120684,630519393.1322249,11906478540.265388,199184629.35192877,45188565.881725095,51521971.42162701,259061869.6858835,216086010.62900212,1383486991.2692618,959913993.4007967,42508887.75014651
131,1641859200000,32668103.457757328,12022112.284933412,584887796.0341573,35010967.4708307,193288378.7348908,878642.817128427,2182121.972523072,20247486.057213806,16729075.557490624,870170238.4006287,19655314714.55994,229027605.71601734,59201299.543182425,80498030.59469675,323310472.11516327,305689725.6337662,1797340432.3285239,1313466331.7614405,61804684.78561334
132,1641945600000,38719560.8678275,13917459.363145653,453090887.6550056,21866575.93552228,146182246.32849434,1243706.017862334,1955748.691800027,13637308.864521125,12678761.366967814,767545582.3803728,14922195360.075489,234698569.6447272,48592717.37464255,56960629.01474835,251514087.76908013,228554591.64146283,1407732234.4002852,1836928439.0101225,48972255.40599434
133,1642032000000,35145896.74014932,12331710.645392288,492767286.92585254,32356184.486888677,204939948.0270206,406597.4007287707,1942529.7081957292,56103604.68013291,10888534.193825847,999176105.8445052,15285972614.67417,271572011.9425425,51727758.560751945,62264748.401478946,319725285.6672342,212220473.8512825,2048461630.20183,1585527380.726668,85774316.7144024
134,1642118400000,32490706.76849914,14010519.99117245,431906930.05988,23719046.61474781,214102670.30180198,363262.287837122,1535871.6828204556,41499614.334253095,10171407.400465932,894687442.702382,13999771252.160748,216881199.88920784,49531754.72210148,267967882.02715477,393772595.5700571,253291422.73176232,1972169296.5769014,1292660031.633004,54448444.001009904
135,1642204800000,31584150.041291874,10581255.568781521,356379566.77431947,22864050.337342575,153678094.4163392,547297.4440842869,1173394.282518709,26162450.310974732,10567267.546370082,743651213.5741464,12316286854.849726,197154421.88485673,43372750.91562433,99955498.19322532,262700404.42216206,287182731.37187153,1627092109.7732365,1124945149.8734076,33028839.522726826
136,1642291200000,26856038.91735323,8356497.922097562,300544104.2709445,15373782.37267139,137300210.7474256,840065.7290424954,2458222.254271886,15344264.586875318,7867761.483825518,410649094.07667303,8659658467.059889,132281754.15272655,35125095.45665304,59305685.21417786,161969893.9428522,376892850.4617455,1003160676.7114657,827109143.5144129,22997982.84139284
137,1642377600000,27131561.822964262,7753065.138118506,483992461.6900237,14344952.190319987,123494940.74979202,1234684.8152409617,1353643.1398020661,11848707.188659174,7320921.771370944,548990884.6672703,9002833937.226437,513502642.0247678,36236347.926929824,85877988.70270237,148956750.34613538,304486839.80559516,1064526626.2870606,729386494.26768,21899721.990945153
138,1642464000000,30451873.186804038,11042431.265461855,460435886.96643513,15249397.65043109,127287264.88731773,217026.56460263798,1434208.9815132518,14724622.060135124,5977418.568250731,561937744.7167943,11938682376.103683,441729886.11715585,46291264.053809784,77014884.03221089,194253236.2880446,309060975.73753566,1342939698.2979736,1393207153.4715939,25056475.058892038
139,1642550400000,34037675.934152134,12333395.894833088,300080503.1737225,19200467.596037507,121389338.75611477,475231.26955234626,1565616.5543696498,20045150.65220556,6235309.099476601,524329963.4537266,12700158860.46528,239887676.54136384,43210024.010870844,71598382.44478266,178358426.70929828,497553874.44457966,1327500384.0270393,1259020744.1605184,27909705.962284386
140,1642636800000,34213031.586728975,10923045.017097402,270724098.7205465,17170949.63893736,152705660.2918554,339127.73920782027,5692779.808925417,15397449.59484531,5913512.24763007,514994142.7667154,12762451059.939085,186306820.328707,42681577.00844661,68484286.54190806,201076298.72314715,286217470.69137824,1310094891.479366,1125646614.9631975,28889628.12789293
141,1642723200000,26455005.891157392,12558304.6115653,332181746.3863837,23458853.907840215,136580306.88189837,388791.49759192124,1907464.6876355363,15015644.61986664,6213556.320018163,579321573.3861884,13389582889.566511,201820205.2344883,36517522.271957085,80849464.02911031,229055960.46738595,186248395.96232843,1371674053.2248023,1174166290.5782857,29883891.08638387
142,1642809600000,50971668.1167859,22406011.0128014,660244802.0013803,43113043.28021677,288585688.01193386,1184037.3230663438,1760244.526276669,27531236.64475654,9628291.134713452,1008364941.4655471,29314647992.596836,330134442.41897625,89679166.04365422,127638637.42038116,349505616.83730185,415851277.8704139,3853056390.3720913,2012752735.5415568,59685063.34046597
143,1642896000000,93191767.12866424,27300836.547361467,798999181.7960013,39734594.63638331,263624375.52259657,1549039.1679751077,2076474.9659030158,19665737.879407976,13510669.936848933,1308760396.8452659,28250265353.796116,383446077.0548212,227942925.3734854,126096273.38626537,393971732.94426847,362199953.60327864,4095835932.6350746,2097932010.1501844,62513791.11289556
144,1642982400000,28840708.326944325,13545734.956639795,458719364.6146653,17501924.131604202,186329326.28511924,683233.5343443989,2833950.5194000327,14096357.523491316,5809962.037797702,773874303.4069185,17123741957.54585,222360373.64827976,72255065.11751704,76609837.81490825,239703399.2363656,251536605.83087936,2611991894.5389414,1224532373.447187,38492795.51715257
145,1643068800000,40647644.54260561,19943532.542139377,571238797.341465,23935818.129806977,234883197.4404885,216443.72022625682,2857436.986491537,23222325.70022885,7018357.928302205,873719122.7842776,28735520619.97796,342441278.8617702,94294563.64757621,90452644.66242792,297719835.66205746,306968108.3777832,4359827042.558423,1858804226.505874,49138583.39605817
146,1643155200000,23397062.368618187,10944077.990847412,387502400.20469356,16094150.361707183,129964988.72826424,908625.7024055546,923783.8536748001,17709314.71596852,9354974.023606014,599618928.5977963,16139625164.237488,217618447.12567833,70372273.79980628,65793111.06272119,188147810.124954,194269541.2888219,2614011846.1962757,1277296575.0278482,31240505.956142616
147,1643241600000,33539650.235635914,15288312.070447318,657588529.1296755,23933469.069983106,243413733.43218005,935026.0331060627,982702.7723044942,19080795.167710785,7258919.0180434575,988456582.5569302,21415081805.12725,293191437.5472574,85201587.19008727,99106030.99124765,300852931.6660893,230630074.5738057,2847753595.488201,1911424364.4765062,57391671.37143617
148,1643328000000,29484560.878273923,11504207.359012578,736716489.2417358,26522424.9151571,224199624.38948703,804267.573031211,999652.0672581723,12493162.95553328,5058225.907423156,1243488561.2766702,16482912982.01206,342736339.8467514,49239156.75482993,61462398.62187693,234224454.68163663,158591193.3463582,2421524797.0656857,1367357228.9857078,53870642.29301765
149,1643414400000,27171094.480455846,9963301.048348641,483032877.92959404,20044707.968682215,167253746.11474478,1176991.3665882563,976906.6392877823,10842713.044923417,6082499.1170167895,969578482.9973049,14326314172.126577,349890836.5452083,50519588.77126246,69092079.45574608,172647271.43622833,143775480.0280924,1882874786.6910908,1224155930.5650957,39839045.42631734
150,1643500800000,24383357.636225577,9188053.89983204,403411317.13264054,15931159.634266675,169848395.60550034,713479.3150887429,776624.7916579588,7212963.668127488,34464368.4749209,998872165.1348016,10742621684.922014,478959398.6846105,47056016.287133716,65058547.27667516,135753620.96447286,105993699.82774599,1478946858.3603432,784156766.5908238,43820931.18160984
151,1643587200000,21577420.444018703,12323373.70186291,636858427.0232311,18219343.690281533,227770900.493151,160273.45525347316,886292.3246674528,7912614.212518439,13158037.734181376,1002051141.9272555,8937393969.826124,629176121.6065361,45937828.35030096,44014943.29233023,119693642.59862152,94130218.39650698,941974724.429482,757782272.519747,34681860.27509694
152,1643673600000,32702873.760946233,12109187.482468592,1231309567.879504,18121430.585440475,249017596.47340053,1004063.6179930214,859242.2665343238,11792912.490200847,9735014.544916946,1142396101.693272,13818587053.759966,503505143.8450444,66654232.22599948,43594016.56594689,145107137.3734091,120203597.90137078,1715569710.5342922,826611401.903632,43471790.666973986
153,1643760000000,22016315.945229128,23178334.08313306,859137533.1483339,20817891.16701602,161599070.26301104,406062.2305743996,5891394.606419345,30493482.23113658,9584887.15559333,677455059.8283621,13176431108.286674,354521240.3089321,61205270.67102618,51149441.330221504,148148803.9108288,160325177.80982983,3097993266.654722,832590046.867805,54546585.274762705
154,1643846400000,19763149.65313294,17407047.92885827,436903320.2539771,23462671.24774707,127152856.76664262,905124.0669743296,1694895.7441002128,15198704.356050735,24547175.278633922,613098418.6539005,13860391591.281128,351043176.4581008,64304627.25358378,49494510.80397688,146137565.39265695,118090120.33518752,2979450302.616579,741520777.4342103,64173922.207139745
155,1643932800000,22024141.899332818,10747668.465413867,528415039.44896007,49640777.054659955,125452809.94645107,268528.1963821551,1027587.7248511086,10534146.800265051,14795987.247631343,617958515.9327781,21844552552.403343,353543022.89989924,90325355.43750039,42626697.98005282,97677841.43301801,107768376.40857409,2283972523.6144795,718579529.4461439,48364161.328136146
156,1644019200000,25929801.11969803,17966292.635822423,559111968.3363738,80109355.9383693,161682031.94998288,502621.3634758559,1475929.1534732156,44905675.79839906,8619100.76113602,717002092.2514741,18766789788.28106,353324269.70966923,95111329.07619372,62191836.91098511,152009607.75906748,149627450.58552,2844877285.5932903,856251257.4266741,81470765.2525461
157,1644105600000,25419862.960209996,17045057.66753685,973258689.0677246,39730919.697865814,261991003.5201565,251277.71049314272,1209443.4353520824,17488314.646079887,8073974.828608043,1290387663.3091855,13036212065.007109,755568759.8814604,75064836.79768519,58898933.11498079,236704336.8273558,151042487.15581182,2104149883.5664315,840234859.4229006,68450794.80438608
158,1644192000000,21810057.16230658,20579456.08707612,1150460666.5390637,42002746.4878247,287525570.6878406,204444.69438761304,832401.7402790585,26135812.04190904,6456031.310042232,1200152174.8668911,9025772577.382162,1355348027.6232853,56144836.3734278,56831762.39959909,141884864.5938218,125285431.58197571,1281443040.6022959,653845781.1090211,46892484.29588878
159,1644278400000,28608730.410662804,19287198.186931983,1048823662.2705252,49822177.85684369,228355966.93518922,609159.3967553208,1741535.5292437146,69031891.02275176,8076054.590318806,976506671.094946,14427983727.88122,984837341.2932416,70086675.55910313,67192266.19340058,222039150.25866938,161554266.509094,2230152722.515911,1830370700.7770875,50876220.82888253
160,1644364800000,22640781.02325014,14021291.471873736,1093653223.7186356,37900801.170801245,225010412.53203827,485234.04357072135,1608249.2901835064,88658329.96120891,14299425.413039105,1172776366.2731724,16856365272.811357,641880071.6672806,75260979.09326622,82270473.01649514,233716882.08267516,219343230.0962523,2354525277.711969,1536446973.5007527,52310630.65233756
161,1644451200000,23537653.639935248,12801730.420012526,831035232.6317002,24139528.398678787,200918520.6051572,428451.53923759557,1160205.82947664,55174135.57335828,6255623.6575719,846688924.5037844,14005361496.44425,459869262.8437378,42374186.5870393,58393308.93353551,136472651.8130781,142651505.61789817,1634212051.3702943,1296136607.4633565,39108685.45244516
162,1644537600000,29561568.31382575,27441016.546995018,762033983.6396285,41451832.7251586,205711908.4216953,617140.5232725079,1242782.1171116044,38474215.20649402,7755421.875631881,925232742.7589195,18990367974.117947,511949949.35158265,61945370.69063035,71933466.82737404,176353339.9828889,166234833.4020422,1963719800.2645695,1482202636.354638,43157539.81460661
163,1644624000000,27815469.010434255,32976324.77205889,596899639.4246225,45258566.206155494,176220000.82016623,427436.5175535645,999387.6301488351,41009479.73162717,8032454.354053427,697365016.3327149,16560032290.708168,387682326.7878598,58912726.94048478,56410608.10683491,149053416.37267876,134925811.45041162,1738208639.1534996,1382271160.1680336,31006465.50153374
164,1644710400000,20846794.197333287,10282064.998494536,502343669.9381388,21481656.363248862,139465243.1243505,406479.2999619077,710964.4989291407,23046136.83025758,4245107.515111886,753593289.8686142,11367427285.455873,304269795.1311501,41024535.70737756,42557808.849705875,103676672.9741668,100423079.96774577,1336515340.137724,874825121.9279617,20002514.02014442
165,1644796800000,17564608.81035151,7428055.815854839,368422446.78622955,15756742.441341788,87628042.84491223,282407.82245991135,657207.6493150869,16828072.03209428,45018011.128518224,448140678.3641249,9020562479.291342,185822072.03088513,37618741.04955479,35980822.94195806,74241945.55166893,71554206.12716778,910049119.2353679,644227753.3628993,17916640.620821256
166,1644883200000,21759485.78334073,10984486.607516563,353626531.0497602,20993009.105932575,97490323.368439,120703.95946182858,670697.8361434742,19847712.73518366,55436941.88389884,614274094.9110718,12117644856.003006,201897519.64390722,40403526.01264667,56943236.08251659,93131606.87199242,90675789.9739073,1364915626.6617208,905500990.3177937,25921089.885846652
167,1644969600000,21018144.353439655,14061800.684234796,737364119.4639227,21146988.918705832,137244695.8319493,370629.0461423879,862276.7068755712,87050678.25289397,17267759.90458041,782599988.220724,14189484930.460047,353814267.03641075,43014799.11748569,40766284.02483243,96758548.93918093,115240161.93876179,1630619496.195204,1060112924.2822238,65156204.753853805
168,1645056000000,18567633.373368986,30941875.753125247,907947150.2840395,22159759.84425385,145335271.0353242,72951.55400117495,691020.0837000187,115121505.74636836,9624871.685052127,774637515.921499,13120593628.157278,469204156.9136968,51077293.869408734,59100735.70871341,110307239.02217354,128670689.96520801,1473078677.1202588,1031104802.8849592,44578383.72713118
169,1645142400000,22107621.985026676,17726881.50623547,1025114572.107578,19880961.80637401,165470702.14068624,343568.7796503867,794949.4267303416,53514702.60273572,15034815.193051713,759634043.8137248,16242836366.095669,336978229.1855668,42714768.283986785,62009535.62266839,118367810.91763113,142782030.13426405,1463178693.3773677,962005468.1354367,33164229.88375273
170,1645228800000,27677841.4585579,11742505.877978366,648983674.3179992,29970543.77815081,121715003.02075072,84668.20386483306,740428.4602210977,33950518.82232734,9034475.96437197,588390503.6784279,16064045339.56507,309439697.1458912,36162976.08719139,62279479.79169643,101231106.83526514,144927109.07909036,1290677352.6433926,871159458.4942768,27775584.2510647
171,1645315200000,16057365.01645111,9197316.214485154,405082171.703842,21696799.355337005,81119892.27994819,336307.9814195057,604414.6062403263,19586932.910129793,15542524.284201317,450279725.7325107,9956229564.570753,176290981.8373772,30507993.0088063,36425099.09518119,74084872.2563196,70953148.91509272,836883423.9090565,625829577.2077442,25782430.228834726
172,1645401600000,19760081.834164463,9635032.950156594,535909615.9640629,22475127.41947379,120610306.0279816,125430.20342187531,538738.9714948738,20091804.65488042,20219783.102212153,575984315.5991832,12215462928.563446,246746262.76461568,37200850.26319541,41793599.66921087,101169408.58033803,83927315.27824958,1428521632.3321967,754141140.6143681,24888290.208848506
173,1645488000000,22327521.323942747,14631580.29228589,1144321282.0945628,42912032.65980212,180923489.89382708,139939.5843271862,741867.221049588,36266444.536630966,10149078.060828703,932109087.2332218,19206327576.145523,412770183.7466959,45347787.74948836,64866421.534405336,147569208.98870185,137512128.99596253,2247461489.9635487,1238057575.2942054,30038324.285250053
174,1645574400000,23636237.0353809,9774333.090570904,828520665.0078956,31588886.77961737,172239316.55662972,639885.4375481895,691840.4981510078,23356072.40269008,7967595.870785017,849483956.4217688,16856627508.447924,346407654.8992107,59043915.206580915,50002916.324199066,120019712.1352844,122062332.72423175,1577877587.2386572,1069252969.8415527,61911008.988087885
175,1645660800000,20681342.09943542,8581712.23318026,724952888.8884747,33189188.829696573,147304253.62790316,330169.18014657934,721807.1649702617,20842719.62723658,7651851.23833037,781761698.1608238,13713218952.651205,276594491.5346112,42330401.53577253,41176462.69598925,94932169.71886867,115996495.65319142,1761310724.440881,1157637511.22795,40978082.29288
176,1645747200000,33383389.348547924,18757076.20299371,1346967455.1889365,44259903.56729494,333842969.232332,123339.52867290372,1196316.7358670395,40308645.03267222,11774574.550830927,1237397492.49126,30992409365.835472,516886096.9673613,102654958.8583634,96964746.49981196,225665509.4799016,255376887.1322168,4075674086.526734,1990645465.0181744,45717018.49437665
177,1645833600000,29161687.322521277,13541434.389895178,831746294.967865,29254112.972470943,151513829.10599,196079.3181265906,681514.9516185398,30370762.073483497,8585121.698899742,846775933.0707672,17751279835.572117,401702229.9230402,65370149.25282079,61653420.45858393,129418305.77463551,214171712.5463327,2417499269.8008738,1238021461.8188524,27416823.224673852
178,1645920000000,22498341.939390074,13596644.430411639,452512995.60609764,18980661.57192596,114028809.97983253,119089.37337419938,680958.0341501333,15509201.513869302,13647731.878004853,568778133.9700497,11984293384.913609,220216781.65342546,58904129.90580076,34357778.63486922,97541887.68638356,129429481.48122178,1316252928.3341599,791804114.7104989,24639120.234402835
179,1646006400000,23612261.747831132,12349465.523026623,614775783.9763739,18884704.308197293,128799926.43921039,180419.20523202475,482156.88796978083,20227647.850314915,10468557.13484256,691550534.2158766,17309819254.70233,271288816.7605015,53016028.3507544,60365666.411817014,162706812.07050183,232450805.35999,1559328417.4245245,856622640.704899,43877249.87496328
180,1646092800000,24510816.16193748,11408204.909905482,698299568.3792162,21941179.565134935,147293396.94636175,1132060.0837012583,910115.7586904338,23292062.562499326,8811731.628051989,773890163.1736279,19832961026.345818,395147763.0105703,68680681.355918,67330050.30922167,135141920.55215412,231153978.80737624,2674553479.2180743,1105856067.270133,42458000.54358656
181,1646179200000,29436179.575118434,15645385.928586045,781617842.1657362,30292135.91241801,170877878.75098985,369641.93140492396,925458.459480984,41473282.252223685,9373818.357863799,1110503854.1107564,19012291817.365406,607014395.0349569,50305381.46404734,58110962.10747614,162103411.99415174,232897085.039888,2476563020.453062,1249640625.7949536,43695960.69066146
182,1646265600000,28797562.847419098,14017315.343026917,501352810.97385275,27053603.191368196,128437692.29656275,72859.84868548888,1596724.7717567997,29724876.339045774,13254320.070595829,897134039.6321316,17023997910.606855,438456723.3607207,54566324.67432023,53829201.932431094,170098454.95884505,200864249.35383856,2951039198.751416,1158326815.658124,33185066.090188522
183,1646352000000,21413977.97691205,9676714.87386826,337765795.06252605,16121448.60565657,89014547.25010026,700261.4542129643,3122227.765084438,18364020.3728598,9852503.349991132,691467989.754297,13786702924.254955,249974249.71629992,87504561.39839162,44727851.11117421,104420567.1840942,173898937.2356598,1795535826.5550518,1231738105.296266,24411330.212209295
184,1646438400000,17783784.7064167,9159443.24226814,363991073.0266911,16204957.979354389,106807275.81636187,696954.0678449981,1190970.1623988044,17623309.548680943,8170620.14306437,587407236.6559014,15538211354.189482,257714234.77110505,60371522.92407887,57581036.22301558,103915216.28981096,188829233.60453826,2029343357.151517,1247749647.419925,19871266.483900934
185,1646524800000,18640934.087146014,5934319.771539082,224214175.3342457,10653345.61063131,85749357.98067547,39024.04898283,597279.5577851232,13015288.991183244,6136384.508052279,371696946.6672397,8652610729.437431,219027635.71312097,48003583.26472166,29950362.727776155,78180871.37343512,97678008.4983284,1164108659.2733207,972441883.2406132,17462158.306614213
186,1646611200000,17025006.597574886,6569211.3691644035,225005076.49083126,12916055.167247828,95558575.33685128,261360.40194541306,2757112.4834249616,16546402.82724915,6302674.023338603,341905580.4543319,9377488374.702219,170945595.3729351,40012236.81323486,31700833.357881308,104503770.18408547,110892340.61530481,1139246888.3328228,957904524.1078165,15712755.592799596
187,1646697600000,21826026.85889625,8309172.031053649,350286218.1051256,26662585.220722497,102076643.51682496,275675.63166102866,4898125.272855273,15166600.850256868,6825906.014779618,478999486.5306227,15295190068.57191,283404547.06475186,54691885.30771834,43563475.3656226,127718044.16820246,169891058.3716827,1884457926.903441,1242025025.134206,17799798.848266006
188,1646784000000,37377720.71746964,8651786.682993034,269057343.18365544,17914713.15167102,96398593.72516148,480544.5461523526,956461.8107788299,13401166.37151584,7236545.174729313,370910920.5984664,14681251925.804962,226397037.25228173,55207980.70697854,30738998.28200346,149856945.56198037,203394877.18302357,1704061421.1695168,1181152035.2304404,15327888.769070044
189,1646870400000,30654481.776567146,10852034.734732278,330712782.8040288,19525366.28752448,131848040.95759325,244356.54622361035,1210133.9291342634,22932087.94619028,7533864.575946823,419274697.5688432,15208159162.669767,274990967.0394944,62944798.351383455,40384548.93396888,144003547.31527185,137634647.69148937,2082131364.035624,1283941021.6589742,18120157.97262258
190,1646956800000,31224501.15106118,13154184.960786708,282848102.68859345,16643466.733359352,99759127.7753314,85498.7668662155,761878.3133010432,16179476.040060941,7879844.352787349,350562940.94391066,13843643777.451271,244556484.9751623,60627924.24575201,70728692.74330023,123864471.40865096,126376744.26497105,1706781764.3768432,1201616435.3991747,13616532.366169779
191,1647043200000,24630336.61273975,7469941.697768962,236700866.93108547,14735114.483864876,79294428.54558861,149317.4885593945,732875.6331348263,11921675.195041746,11111197.906265788,293274257.3512962,12313723771.430836,198091128.3282016,47623287.25178261,35365857.62625349,92018785.03659374,105240542.85638167,1382838751.097293,757380812.2692541,19531922.451697238
192,1647129600000,10798254.661992058,5529476.857938828,152996864.79417998,10993276.365667585,52882167.84749634,142997.83978433209,578893.6072239075,6793076.034128198,7187205.210364397,193658866.84877583,6288630630.865574,153309192.36511537,32758786.924439143,33140969.239038203,58444695.0713231,92606512.32929143,776192786.1232313,401771318.8311879,33985443.626399904
193,1647216000000,14356860.894598335,7867788.37354093,322369207.7872418,16610727.582584847,94669783.6626114,204295.82591134042,647905.4105346095,19265978.32606782,6455769.548553418,355811640.940457,8570037700.961715,127647451.02412345,33922859.41690576,45850523.579733506,60265481.09253275,100004636.64505371,949636517.694404,361668911.2199396,34170818.23290191
194,1647302400000,28240426.585867096,6850804.269221394,222739705.05305368,18629950.799351074,128049065.13550757,318707.74104193086,521746.1001399165,9947519.800730063,5560987.202110097,300354501.4584279,10951215810.637651,209239743.36641002,53847389.75959463,29202431.814319815,97279148.39527111,119998239.15637313,1317770720.4689145,615529227.6979487,16850392.025121614
195,1647388800000,36152991.81820703,7086252.405572335,207836309.9774755,19882068.555225257,104339072.58154581,42520.31533604794,574413.5516358628,14103592.011623096,16737134.487485321,258110628.60966,12439580087.508198,168980201.96022442,53740078.17469664,33660654.670268856,88406334.30947961,99065849.92737123,1247125823.1505735,538198754.3569372,14796098.235549018
196,1647475200000,25207004.689455703,8867576.78219014,547144344.4921852,54713361.80682701,146700380.4295713,63390.99035657972,498761.65984551056,17018667.47664872,16893421.834779266,1191911596.9011905,19785262485.166782,303703612.0980486,111611655.9726069,122959828.54088067,136986754.91747993,344876779.7562902,1872435776.0194497,682429984.0186297,19804773.240237903
197,1647561600000,27832982.41691178,5771384.957168574,323780095.70672625,22370715.054133706,97224458.66076104,263938.75937134924,557045.6685195871,11199900.120472008,8778916.456038013,991746613.2679406,12593189074.637096,198604561.85145938,81158790.88334277,58157700.15068906,131715797.70835863,450862743.7213203,1939375410.1723945,535853724.5810726,32065703.19329406
198,1647648000000,26961140.4565129,6689764.980209197,266449813.5113611,21457778.65963487,84646996.47671904,158132.7137346892,1295111.516640249,25571327.32464027,5814733.500063118,649484170.4514178,14540256794.800894,191592889.4020134,79546645.7739602,122078187.17603461,132773777.89631002,426776527.7085427,2216690010.2438216,540856944.4361957,20768157.017046086
199,1647734400000,32596563.96141673,238499683.10481054,312239711.01431173,40864742.86969381,110652025.7443177,214531.45585757526,1324983.4932641122,34833523.359674424,9647920.024439236,599801753.7534182,10359721811.614828,255153162.31934202,68035741.89370105,113669962.4664581,125747211.51011209,257520891.7807057,1493437229.1232493,526773333.24232006,30084691.0521167
200,1647820800000,24979646.521235224,75958739.44733055,234573603.48948026,25283512.560647856,92513450.5124517,99619.27180972078,1220886.9303858345,15962043.43202839,534421439.25199926,362570689.1118972,11304953073.460001,195910719.04749802,55374970.82802015,72036156.18691231,149582160.61790556,233846999.8517303,954767656.0285732,428921894.70201075,21510411.39267162
201,1647907200000,31621580.59856653,68230530.22102968,278683089.4082254,24055135.791892886,91985096.45796227,107478.46099998699,641195.8832355086,12083856.950373111,197607766.34531298,410207621.270701,13890729058.80007,255525295.46465024,55657331.26952556,65191244.97703729,129339830.84489629,273454667.00015926,1145750669.0417037,467915951.8492635,13935782.361062774
202,1647993600000,33600865.37438481,24389053.19318618,326302738.6569232,44666416.700131305,125850850.28038603,403281.85556289897,765158.3428903664,16076462.6001961,28410230.454965428,413060318.37678796,15671928047.784338,307375970.89419454,53546969.910229675,66687169.55454596,151922238.81727335,192582248.51162323,1405727754.2331312,584427913.61521,16554227.288204929
203,1648080000000,33516483.734252837,36742384.7382062,385880450.7085978,30817813.4081333,135954589.69268253,483095.0267254436,794450.2348131512,32091385.57189905,18297190.238312256,680381814.9033995,14257143986.39263,462126974.1872733,70068454.04560088,71576561.8607968,182451588.11739254,163469130.42824173,1433431548.5448608,581086517.9224324,24575654.677335314
204,1648166400000,27895340.608618297,35697774.38567544,587885662.1903455,22316079.290593553,314428791.1952793,714690.9514062037,1959041.4446882908,21263363.364009067,17275087.435842495,992802065.2759837,16202188701.767122,1468647722.3455791,87823887.75892617,77664269.54713665,154506320.6621781,355794370.9209364,2412096877.261528,772819488.6370896,33531203.458558984
205,1648252800000,21023691.371921293,24232315.53549368,374966918.2483112,21597111.424058482,146344613.27319887,1317356.5877137624,1166359.9153744562,15113007.13499824,12813009.777784174,700662898.9668394,15532463157.18736,1253264105.6044714,46837674.511401385,61772421.5793587,220713668.22421297,306605464.04297066,1817213990.6348524,699044668.4753135,25879384.254700445
206,1648339200000,15307400.278249824,15402900.010793619,178053819.58468688,14823692.9754478,72527395.91915256,1680740.3793716263,660528.0391695937,9687759.718221206,43541280.02321087,301097105.63309693,7615867102.157496,560145581.3041648,31264257.406509213,49990598.255544886,105394066.99371216,137809624.21905234,1009509747.3725619,434047210.03797215,12305800.397962576
207,1648425600000,18669425.89593756,25322623.430609155,302177358.4597099,35928690.076377824,199438033.36970592,747571.6389180403,1187592.3190603608,19426820.4505878,16130301.669810157,493630008.08958036,11980084883.788645,603676606.1666068,47063509.38833154,119414373.11942247,225951367.7655488,151694329.9212306,1301984880.0039117,575455794.7059026,13280417.337206304
208,1648512000000,23777919.678749736,43360756.052301764,438217965.74871504,61561474.19137203,177766253.50923866,2255535.3155506435,7339714.024744124,86417436.75683396,17967061.047149852,709852661.804594,18514225350.60662,718960626.5739703,64385118.99907719,106746164.34950706,376796731.7881231,251628358.71565762,2396330997.762824,795308146.5691124,53586720.91045651
209,1648598400000,15976458.909561524,46407024.02121179,406939060.7187768,38035336.92181539,193473543.15441257,1045305.5941761263,20745101.825054556,48943023.19398205,13432930.313650792,642629340.8979163,17936369661.586555,913645996.6525018,71912961.05349362,135481557.0636806,396440037.8343045,1521109132.8173444,2434694052.670127,772381037.1455355,36893857.55457636
